BO Iteration,Selected SMILES,f1
0,CN=C(O)CCCN1CCC(n2cc(N=C(O)c3cnn4cccnc34)c(-c3cc(Cl)ccc3OC(F)F)n2)CC1,0.005959829894061434
1,CCCN1CCC(NCc2ccncc2)CC1,0.13838793056453932
2,CCc1nnc(CNC(=O)CCC2CCCCN2C)s1,0.15831010545212082
3,O=C(NCc1ccc2c(c1)OCO2)c1cc([N+](=O)[O-])ccc1N1CCCCC1,0.318511028635303
4,Cc1cc(C2CCN(CCCCNC(=O)c3ccc(-c4ccc(C(F)(F)F)cc4)cc3)CC2)c(C)cc1OCCOC1CCCCO1,0.13041990851835053
5,CCOC(=O)Cc1nnc(NC(=O)C(CC)Sc2nc(C)cc(O)n2)s1,0.4148869093391398
6,COc1cc(CC(=O)O)ccc1Oc1ccc(C(=O)NC2CCC2)cc1CS(=O)(=O)c1ccc(Cl)cc1Cl,0.13540955672112676
7,COc1cc2c(cc1C=CC(=O)c1ccccc1)C1CCC3(C)C(Oc4cc(OC)c(OC)c(OC)c4)CCC3C1CC2,0.11401010498931519
8,O=C(NN1CCCCC1)c1nc(-c2ccc(Cl)cc2Cl)c(-c2ccc(Cl)cc2)s1,0.1069429029850447
9,COc1cccc(NC(=O)C2C3C=CC4(O3)C2C(=O)N(CCCN2CCCCC2)C4C(=O)NC2CCCCC2)c1,0.15437819954416437
10,Oc1ccc(-c2csc(Nc3ncccn3)n2)cc1O,0.04616561819080064
11,CCN(CC(=O)NCc1ccccn1)S(=O)(=O)c1ccc(OC)cc1,0.31868871959954903
12,CC=CC=Cc1nc2ccc(OC)cc2n2cccc12,0.06580827503871842
13,Cc1ccc(N=Nc2cc(C)ccc2NC(=O)c2ccc(Oc3ccc(C(=O)Nc4ccc(C)cc4N=Nc4ccc(C)cc4)cc3)cc2)cc1,2.594176132936502e-08
14,Cc1ccc(C=Nn2c(C)cc(C)c(C#N)c2=O)cc1,0.20327890704543541
15,NS(=O)(=O)c1ccc(Nc2ncc3c(n2)-c2ccc(NC(=O)C4CCCC4)cc2CC3)cc1,0.12829534913572785
16,Cc1cc(Cn2cc(O)c(=O)c(C(=O)O)c2)ccc1F,0.2785430072655778
17,CCN(CC)CC(O)c1cc2c(Cl)cc(Cl)cc2c2cc(Cl)ccc12,0.09642532803410545
18,O=C(c1ccc2nccn2c1)N1CCCC1c1noc(C2CC2)n1,0.12214274485441812
19,CC(=O)OC1CC(COC(=O)C(C)NC(=O)OCC2c3ccccc3-c3ccccc32)C2(C)CCC3C(=O)OC(c4ccoc4)CC3(C)C2C1=O,0.14814270871857899
20,CNCC1Oc2c(NS(=O)(=O)c3ccc(OC)cc3)cccc2C(=O)N(C(C)CO)CC1C,0.34240528516707336
21,C=CCOC(=O)NC1C2C(=O)CC(c3ccc(O)cc32)C1C(=O)OCC[Si](C)(C)C,0.1467331361424146
22,Oc1nc2c(c3nc(-c4ccccc4F)cn13)CNCC2,0.0729942515363159
23,CC(=O)C1=C(O)C(=O)N(Cc2ccco2)C1c1ccccc1,0.26940795304016235
24,CC(C)CC[S+]([O-])CCC(O)C(CC(C)C)NC(=O)C(C)NC(=O)C(Cc1ccccc1)NC(=O)OC(C)(C)C,0.14522814111576188
25,Cc1n[nH]c(C(=O)O)c1Cc1ccc(C(F)(F)F)cc1,0.24356115022372735
26,N#CCC1(n2cc(C(=N)O)c(=Nc3ccnc(F)c3)[nH]2)CCC(NCc2cccc(F)c2)CC1,0.11091982495011786
27,Cn1c([N+](=O)[O-])cnc1-c1nnc(NN=Cc2ccc(OC(F)(F)F)cc2)s1,0.06855028649866499
28,N#Cc1cc(NC(=S)c2ccccn2)ccc1F,0.12909944487358058
29,CCOC(=O)N1Cc2cc(C#N)ccc2N(Cc2c[nH]cn2)CC1Cc1ccccc1,0.12220289888163256
30,CCCCCOC(=O)CC(CCn1cnc2c(O)nc(N)nc21)CC(=O)OCCCCC,0.37662178857735473
31,COc1ccc(Nc2ncnc3c2cnn3-c2ccccc2)cc1OC,0.0034368683947402614
32,Cc1ccc(N(C(=O)c2snc(C(N)=O)c2N)C(CC(C)C)C(=O)NC2CCCC2)cc1,0.4623207306786785
33,COc1ccc2nc(NC(=O)C3CC(=O)N(c4ccccc4)C3)sc2c1,0.10501104406125628
34,N#Cc1c(NC(=O)CC2Cc3ccccc3O2)sc2c1CCCC2,0.31868871959954903
35,CCCCOc1ccc(S(=O)(=O)N(Cc2ccc(N(CC(=O)OC)S(C)(=O)=O)cc2)c2ccc(CN(Cc3ccccc3)S(C)(=O)=O)cc2)cc1,0.004858022836771023
36,CCc1nc2ccc(C(=O)Nc3ccc4c(c3)OCC(=O)N4)cn2c1N(C)Cc1nccn1C,0.005304297808705363
37,O=C1CCC(Cc2ccccc2Br)C(=O)N1,0.09322690985770864
38,Oc1nc(N2CCCC2)nc(N2CCCC2)n1,0.10428401933496992
39,Cc1cccnc1-n1c(C)nc2ccccc2c1=O,0.06688717112208042
40,CC(CC(=O)Nc1ccc([N+](=O)[O-])cc1)=NN=C(N)N,0.10247024585507375
41,CNC(=O)c1cc(S(=O)(=O)Nc2ccc(OC)cc2)cs1,0.27386127875258304
42,Cc1cc(-c2ccc(S(=O)(=O)Nc3cc(Cl)ccc3C)s2)on1,0.07214709419933822
43,COc1ccc2c(c1)sc1c(Nc3ccc(C)cc3)ncnc12,0.003164460426065505
44,CN(CCc1ccccn1)Cc1ccc(-c2nnc3n2-c2cccnc2Nc2ccccc2-3)cc1,2.1164606793579737e-05
45,O=C(NC1CCCCC1)C1CCN(S(=O)(=O)N2CCCCCC2)CC1,0.007385578431283233
46,Nc1ccn(CC2(CO)CC=CC2)c(=O)n1,0.09322690985770864
47,CNC(=O)C(=NOC)c1ccccc1Oc1cccc(O)c1,0.26940795304016235
48,COc1ccc2c(c1)C(CC(=O)NC(CC(C)C)C(=O)NC(CC(C)C)C(=O)N1CCCCC1)CC2=O,0.17188666795908697
49,Cc1ccc(N(CC(=O)Nc2ccccc2-c2ccccc2)S(=O)(=O)c2ccccc2)c(C)c1,0.004357573939245466
50,CC(=O)Nc1ccc(NC(=O)CC(c2ccccc2)c2ccccc2)cc1,0.09867295126825042
51,O=C(O)C1CCCN(CCOCCN2c3ccccc3Sc3ccccc32)C1,0.36514837167011077
52,Cc1csc(C(=O)NNC(=O)CN2CCCC2CNCCC(c2ccccc2)c2ccccc2)c1,0.13300709265898727
53,NC(C(=O)O)c1cc(O)cc(O)c1Cl,0.08966448458689995
54,O=C(Cc1csc(NC(=O)Nc2cccc3ccccc23)n1)NO,0.09642532803410545
55,Cc1cc(C(=O)Nc2cccc(C=CC(=O)O)c2)c(C)o1,0.30532005990935296
56,NC(CCCCNC(=O)C1Cc2ccccc2CN1C(=O)CCC(=O)c1ccccc1)C(=O)NCC(c1ccccc1)c1ccccc1,0.006105212962911392
57,C=C(C=O)C1CCC2(C)CCCC(C)(OC(=O)C(F)(F)F)C2C1,0.0072778969045341774
58,Cc1cc(C(N)=O)cc(C)c1CC(N)C(=O)NCC(=O)NCC(=O)NC(Cc1ccccc1)C(=O)NC(CC(C)C)C(=O)O,0.36187343222787294
59,COc1ccc(CCCNc2ccc(C(=O)O)cc2)cc1,0.30276503540974914
60,CN(C)c1cccc(Nc2nccc(-c3ccncc3)n2)c1,0.05545991247505892
61,CNS(=O)(=O)Cc1ccc(Nc2nccc(Nc3cccc4c3cnn4C(=O)Nc3ccccc3)n2)cc1,2.8229728032368183e-05
62,Cn1c(-c2noc(N3CCN(C(=O)NC4CCC(F)(F)CC4)CC3)n2)nc2ccccc21,0.11276553942269983
63,COc1cc(C=O)cc(C=Nc2ccccn2)c1O,0.18181818181818182
64,CCCCCCCCCP(=O)(OCC)OCCN1C(=O)c2ccccc2C1=O,0.1180320857833038
65,CCCCCS(=O)(=O)NC(=O)CCc1ccccc1Oc1ncc(C(F)(F)F)cc1Cl,0.30151134457776363
66,CC1CCC2C(C)C(n3nncc3-c3cccc(Cl)c3)OC3OC4(C)CCC1C32OO4,0.29738085706659034
67,COc1ccc(COc2ccc(C(O)C3CC3)cc2)cc1OC,0.2966479394838265
68,COc1ccc2c(c1)C1CC1(C(=O)N1CC(C)N(C(C)=O)C(C)C1)Cn1c-2c(C2CCCCC2)c2ccc(C(=O)NS(=O)(=O)N(C)C)cc21,0.1514535691207899
69,CCN=C(S)N(CCc1cccc(C)c1)Cc1cc2cc(OC)c(OC)cc2nc1O,0.09562570728818542
70,CN(C)S(=O)(=O)NC1CCc2c(O)cccc2C1,0.11686611627828698
71,CC1CCC(Cn2c(N3CCCC3C)nc3cc(-c4nc(=O)o[nH]4)nc(-c4cncc(Cl)c4)c32)CC1,0.00581009858566062
72,CC(c1ccccc1)N1C(=O)OC(Cc2ccccc2)(C(=O)NC2CC2)C1=O,0.34554737023254406
73,C#CCC(NC(=O)NC(CCCCNC(=O)c1ccc(I)cc1)C(=O)O)C(=O)O,0.14010275349947504
74,CC(C)NC1CCc2c(ccc(O)c2O)C1,0.11964242058681569
75,OC1CC2C(CCCN2Cc2ccc(F)cc2)CC1N1CCC(c2ccccc2)CC1,0.3645094413964238
76,O=C(Cn1cc([N+](=O)[O-])cn1)N1N=C(C(F)F)CC1(O)C(F)F,0.10532357762154228
77,CC1=CC(C)(C)Nc2c1cc1c(C(F)(F)F)cc(O)nc1c2C,0.1767766952966369
78,Cc1occc1-c1nnc(SCC(=O)NC2(C#N)CCCC2)n1C,0.3346640106136302
79,CCOC(=O)c1cc(-c2ccc(C)cc2)n(CCC(=O)NC(C)CC)c1C,0.42292054645983584
80,CCCCCCC(=O)NCc1ccc(OCC(O)CNC(C)(C)C)c(Cl)c1,0.12496243277171158
81,Cc1ccccc1C(=O)NCC1CCN(CCOc2cccc3c2CCCC3)CC1,0.37932162090544075
82,COc1ccc(CCN=C(S)N2CCN(S(=O)(=O)c3ccc(F)cc3)CC2)cc1,0.2917299829957891
83,O=C(NCCCO)Nc1cnc2cc(Cl)ccc2c1O,0.25928148942086576
84,O=C(O)C1CC=CCC1C(=O)NCc1ccc(Cl)c(Cl)c1,0.13344389873681226
85,CCCCN(Cc1cc(OC)c(OC)c(OC)c1)c1ccc(OC)c(O)c1,0.2711630722733202
86,O=C(CSc1nnc(-c2cc3ccccc3oc2=O)o1)Nc1ccc(I)cc1,0.0037129685419154718
87,CCOC(=O)c1c(COc2ccccc2)oc2ccc(O)cc12,0.11398327592552698
88,Cc1ccccc1NC(=O)C1CCN(S(=O)(=O)c2cccs2)CC1,0.34780417182012624
89,O=C(O)CCNC(=O)c1ncc2c(cc(-c3ccc(N4CCOCC4)cc3)c(=O)n2Cc2ccccc2)c1O,0.006049456425490673
90,CCC(=O)N1CCC(NC(=O)Nc2ccc(I)cc2)CC1,0.14747987448229252
91,c1ccc(-c2cc3ncccc3nc2-c2ccc(CN3CCC(c4n[nH]c(-c5ccccn5)n4)CC3)cc2)cc1,2.5024986408296522e-08
92,CC1CCCC(NC(=O)COC(=O)C=Cc2ccc(S(=O)(=O)N3CCOCC3)cc2)C1C,0.15772700915979793
93,COCCN(C)C(=O)c1ncncc1NC(=O)c1nc(C2CC2)cnc1Nc1cncnc1,0.12468066819046857
94,CC(C)(C)c1cc(C(C)(C)C)c2oc(=O)c(C=Nc3ccc(S(=O)(=O)NC(=N)N)cc3)c(Cl)c2c1,0.08330828851447437
95,CCOc1ccccc1NC(=O)CSc1nc(O)c2c(C(F)(F)F)cc(-c3cccs3)nc2n1,0.004863580581222947
96,O=C(NC1CCC(c2cccc(F)c2F)CN(CC(F)(F)F)C1=O)N1CCC2(CCNC2=O)CC1,0.12343590489011895
97,CCc1ccc(C2NCc3cc(Cl)ccc3-n3cccc32)cc1,0.07843216039025314
98,Cc1n[nH]c(C)c1-c1cc(C(=O)c2nc3nc(N4CCNCC4)ccc3[nH]2)ccn1,0.0047609236264822335
99,CCOCCN1CCN(c2ccc(CN(C)C)cn2)CC1,0.1272555127115997
100,CS(=O)(=O)NCCN1CCC(COC(=O)c2cc(Cl)cc3[nH]cnc23)CC1,0.3968378950662725
101,CC(C)=CCCC(C)C1CCC2(C)C1C(O)CC1C3(C)CCC(O)C(C)(C)C3C(O)CC12C,0.007144834551462584
102,Cc1ccc(OC2CCNCC2)c(-c2nc(Cc3ccccc3)no2)c1,0.09902981663298806
103,COCCn1c(SCc2cnc(-c3ccccc3)s2)nnc1-c1ccncc1,0.003687795583586222
104,COc1ccccc1N1C(=O)CSC1c1cccc(C(=O)NCCc2ccc(O)cc2)c1,0.1083007750688167
105,O=C(C=Cc1ccco1)Oc1cncc(Cl)c1,0.18569533817705186
106,COc1ccc2c(=O)c(OCC=C(C)C)c(-c3ccc(OC)c(OC)c3)oc2c1,0.08082961998299322
107,CC(C)C(NC(=O)CN1CCC(NC(=O)c2ccc(C(=O)NS(=O)(=O)c3ccc(Cl)cc3)cc2)C1=O)C(=O)C(F)(F)F,0.35893503009349875
108,O=C(NO)c1cc(-c2ccc(Cl)cc2)nn1Cc1ccccc1,0.08536559308041765
109,CCCn1c(=O)oc2ccc(N3CC(=O)N(Cc4cc5cnc(C(=O)NC(C#N)CCCCN)nc5n4C)C3=O)cc21,0.005758141190272145
110,CCCCCOc1ccc(NC2=C(Cl)C(=O)c3c(O)ccc(O)c3C2=O)cc1,0.2823298512866399
111,O=C(O)CCCCCCOc1ccc2cc1COCC=CCOCc1cccc(c1)-c1ccnc(n1)N2,0.10264054719553377
112,CC12CCC(C1)C(C)(C)C2NC(=O)c1nn(-c2ccc(Cl)cc2Cl)c2c1ccc1cc(C3CC3)ccc12,0.006201667796148969
113,O=C(NN=Cc1ccccc1)C(=Cc1cnn(-c2ccccc2)c1)c1ccc(Br)cc1,0.0035919923114451718
114,Cc1c(NC2CC2C)nc(C2CC2)nc1N1CCCCCC1,0.14083188238115982
115,CCc1cc2c(cc1N1CCC(NCC3CC3)CC1)C(C)(C)c1[nH]c3cc(C#N)ccc3c1C2=O,0.12659599795835788
116,COc1ccc(-c2nc(CCNCc3ccncc3)co2)cc1,0.07813674630707507
117,CC(=Cc1ccc(Cl)cc1)C(C)=NO,0.08066290350440047
118,O=[N+]([O-])c1ccc(Cl)c(C=NN2CCN(Cc3ccc(Cl)cc3)CC2)c1,0.22522130823072542
119,COCc1cc(C)n(CC(=O)Nc2ccc3c(c2)OCO3)c(=O)c1C#N,0.30151134457776363
120,COc1cccc2cc(C(=O)Nc3c(C#N)ncn3-c3ccc(C#N)cc3)c(=N)oc12,0.00393051355566927
121,O=C(c1cc2cc(Nc3nccc(-c4cc(OC5COC5)ccn4)n3)ccc2[nH]1)N1CCCOCC1,0.005156699503826075
122,CCCCCCCCCCCCCCCCCCCCN1CCN(C(=O)c2ccc(Cc3noc(=O)[nH]3)cc2)CC1,0.2919371040605711
123,NC(=O)CN1CCCN(C(=O)Cc2ccc(Br)cc2)CC1,0.13286244107442036
124,COc1ccc(NC(=O)N(C)CC2Oc3c(NC(=O)Cc4ccccc4)cccc3C(=O)N(C(C)CO)CC2C)cc1,0.13352378135320747
125,COc1ccc(-c2nc(-c3ccccc3)oc2Nc2ccc3ccccc3c2)cc1,1.7059270829567937e-05
126,CC1=C(N2CC2)C(=O)C(CCOC(=O)N(C)C)=C(N2CC2)C1=O,0.00704202581669366
127,CCOC(=O)N1CCC(Nc2c(NCCCN(C)Cc3ccccc3)c(=O)c2=O)CC1,0.4216370213557839
128,CC(C)c1cc(C(C)C)c(S(=O)(=O)Nc2ccc(C=CC(=O)NO)cc2)cc1C(C)C,0.3036421933135836
129,N#CC(=Cc1cn(CCC(=O)O)c2ccccc12)C(=O)Nc1ccccc1,0.11415904052634658
130,Cc1ccc(C(=O)OC2CCS(=O)(=O)c3sccc32)cc1,0.30403449605253013
131,CSCCC(NC(=O)C(NC(=O)C(C(C)C)N(C)C(=O)C(S)NC(=O)C(N)CCCCN)c1ccccc1)C(=O)O,0.1403592027179129
132,COc1ccc2c(c1OC)C(=O)OC2Nc1nc(-c2cc3cc([N+](=O)[O-])ccc3oc2=O)cs1,0.004108360109282993
133,COc1ccc(-c2cc(-c3ccc(F)cc3)[nH]c(=O)c2O)cc1,0.06403959079341673
134,COCCn1c(=NC(=O)CSCC(=O)N2CCOCC2)sc2ccccc21,0.346843987809648
135,O=C(CCSc1nnc(-c2ccco2)o1)Nc1ccc(Cl)cc1,0.07843216039025314
136,COc1cc(C2(C(=O)NC3CCN(CC4CC4)CC3)CC2)ccc1C,0.14073081894339956
137,Nc1ncc2c(C(=O)c3cncc(NC(=O)Cc4ccc(Cl)cn4)c3)cn(C34CC(C3)C4)c2n1,0.00532149168786143
138,CCOc1cc(N=C(S)N2CCC(C(N)=O)CC2)c(C(=O)OC)cc1OCC,0.161845376170379
139,O=C(CCc1ccc(O)cc1)c1ccccc1O,0.22742941307367104
140,CCC(=O)NN=C1CC2(CCN(C)CC2)OC1C,0.00714969333104587
141,CC(C)(C#CC(=O)O)OOC(c1ccccc1)(c1ccccc1)c1ccccc1,0.08611406364915408
142,c1cc(C2CNCCO2)ccc1-c1cc(C2CCOCC2)n[nH]1,0.2621112169983114
143,CCCCn1c(CN2CCOCC2)nc2c1c(=O)n(C)c(=O)n2C,0.3492151478847891
144,COc1ccc(C(=O)OC2CC3C(C)(COC(C)=O)C(OC(C)=O)CCC3(C)C3C(O)c4c(cc(-c5cccnc5)oc4=O)OC23C)cc1F,0.13250286682627735
145,COC(c1ccccc1)C1CN(Cc2ccccc2)C(=O)N(c2ccc(Cl)c(Cl)c2)C1=N,0.08384750636709407
146,O=C(OCn1nnc2ccccc2c1=O)c1ccc(F)c(S(=O)(=O)N2CCOCC2)c1,0.1097743227354519
147,CCCCc1nc2ccc(C3(C(=O)N(C)C)CC4CCCN4O3)cc2c(=O)n1Cc1ccc(-c2ccccc2-c2nn[nH]n2)cc1,4.068700752017806e-05
148,CNC(=O)c1ccc(-c2nc(CN3CCc4ccccc43)c(C)o2)cc1,0.09975531949424046
149,O=C(Nc1ccc2ccc(S(=O)(=O)Nc3ccc4c(c3)OCCO4)cc2c1)Nc1ccc2ccc(S(=O)(=O)Nc3ccc4c(c3)OCCO4)cc2c1,2.4441078116269207e-08
150,NC(=O)C(CC(=O)O)NC(=O)C(CCC(=O)O)NC(=O)CCc1cc(-c2ccc(-c3cccc(Cl)c3)cc2)no1,0.12559967521488136
151,O=C(Nc1cccc(C(F)(F)F)c1)c1ccccc1NC(=O)c1cccc2nc[nH]c12,0.00393051355566927
152,CCCc1nc(-n2cccc2C=O)c(C(=O)O)n1Cc1ccc(-c2ccccc2-c2nn[nH]n2)cc1,3.4959388844813426e-05
153,CCn1c(=O)c(C#N)cc2cnc(Nc3ccc(N4CCN(C)CC4)cc3)nc21,0.10203139910251337
154,N#Cc1cc(F)ccc1-c1cc(-c2cnc3nc(C(F)(F)F)cnn23)ccc1F,0.0014905055542672094
155,O=C(CCC(=O)c1ccc(Cl)cc1)OCC(=O)c1ccccc1,0.3387537429470791
156,COC(O)=NC(C(O)=NC(C)c1ccc(C(CO)N(C(C)C)S(=O)(=O)c2ccc(N)cc2)s1)C(c1ccccc1)c1ccccc1,0.005038487970657502
157,CCOc1ccc(Br)cc1C=C1SC(=Nc2ccccc2CC)N(c2ccccc2CC)C1=O,0.10203139910251337
158,CN1c2nc(C3=CC4CN(C(=O)C(C)(C)O)CC4C3)ccc2N(CC2CC2(F)F)S1(=O)=O,0.13650318203796627
159,COc1ccc(F)cc1Cn1nc(C(=O)O)c2ccccc2c1=O,0.10282542974799751
160,O=C(Oc1cccc(-c2cnc3ccccc3n2)c1)c1ccco1,0.003118261443810777
161,Cc1cccc2nc(-c3ccc(C(=O)NN=Cc4cccs4)cc3)[nH]c12,0.0034368683947402614
162,COc1cccc(CNC(=O)CCc2nnc(C3CCCCC3)o2)c1,0.4131969352706687
163,Cc1ccnc(C[S+]([O-])c2nc3cscc3[nH]2)c1,0.047296372274808075
164,COc1ccc2c(c1)S(=O)(=O)N(C)C(C(=O)Nc1ccccc1)=C2O,0.29201253026104435
165,CC(N=C(O)Nc1cc2[nH]nc(N3CC(CO)C3)c2cn1)c1ccccc1,0.10927647743626069
166,CCC(=O)N(c1ccccc1)C1(COC)CCN(CCN2C(=O)Cc3ccccc32)CC1,0.34123064950907256
167,CC(=O)OC1C2CC(C)C3C(O2)(OC1(C)C)C(O)C1(C)C2CCC4C(C)(C)C(OC5OCC(O)C(O)C5O)CCC45CC25CCC31C,0.005950625518075914
168,C=CCN(CC=C)Cc1coc(-c2ccccc2Cl)n1,0.15491933384829668
169,Cc1ccc(S(=O)(=O)N(Cc2c(F)cccc2Cl)C(=O)N2CCN(C)CC2)cc1,0.3069249070224257
170,NC(CNc1nc(-c2ccncc2)nc2sc3c(c12)CCCCC3)Cc1ccccc1,0.004927159496451404
171,CCOC(=O)c1cnc(CN)c2cc(O)c(OC)cc12,0.33918173268560714
172,CC(OC1CCC(NCc2ccncc2)C1c1ccc(F)cc1)c1cc(C(F)(F)F)cc(C(F)(F)F)c1,0.10453560961457325
173,COc1cc2c(cc1OC)C1C(=O)c3ccc(OC(C)=O)c(CC=C(C)C)c3OC1CO2,0.29738085706659034
174,CCC1C(c2ccc(OC)c(OC)c2)C2c3c(c4ccccc4[nH]c3=O)OC(C)(C)C12,0.09562570728818542
175,CC(C)C1Cc2cc(Br)cc3[nH]c(=O)c(=O)n(c23)C1CC(=O)O,0.36980013081681945
176,CC(=O)Nc1ccc(NC(=O)COc2ccc(S(=O)(=O)N3CCCC3)cc2)cc1,0.36514837167011077
177,CCN(CC)CCON=C1C=CC2(C)C(CC(OC(C)=O)C3(C)C4=CCC(c5ccoc5)C4(C)CCC23)C1(C)C,0.13286244107442036
178,O=C(O)c1nc2ccccc2n(C2CC3CCC(C2)N3C2CCCCCCCC2)c1=O,0.3978358723078702
179,O=C(NCCCCCO)c1ccccc1Sc1ccc2c(C=Cc3ccccn3)n[nH]c2c1,0.004095501360654835
180,CCCCCCCn1c(-c2cccc(Cl)c2Cl)n[nH]c1=S,0.23855936180684895
181,COc1ccc(-n2c(CN3CCOCC3)nc3ccccc3c2=O)c(OC)c1,0.09762506721665923
182,C=Cc1c(-c2ccccc2)nn(C(=O)OCC)c(=O)c1N,0.32025630761017426
183,CCCCCCCCCCCC(=O)OC[N+]1=CN(C)CC1,0.006586257517804936
184,Cc1nc(C)n(CC2CN(CC(=O)Nc3nccs3)CCO2)n1,0.3237880629013667
185,CNC1(c2ccccc2)CCCCC1=O,0.10770407204264286
186,Cc1ccc(N2CCc3c(NS(=O)(=O)c4cc(C)ccc4F)n[nH]c3C2=O)cc1,0.09229087299764767
187,OC(c1ccccc1)c1c(C(F)(F)F)nc2ccc(Br)cc2c1Br,0.04477685963822082
188,CC(C)c1ccc(C2OOC(c3ccc(C(C)(C)C)cc3)OO2)cc1,0.22855810195691872
189,CC(O)(c1ccc(C(=O)N(C2CC2)C2CCC(O)(CC3CC3)CC2)cc1)C(F)(F)F,0.12618160732783834
190,CCCN(CCC)S(=O)(=O)c1ccc(NC(=O)Cc2cccs2)cc1,0.3320184038158742
191,COc1ccc(N2CCN(Cc3coc(-c4ccccc4C)n3)CC2)cc1,0.0929431134310223
192,C=C1C(CO)C(O)CC1n1cnc2c(N)ncnc21,0.2626128657194451
193,CN1CCC2C(C1)OCCN2C(=O)Cn1cc(N=C(O)c2c(N)nn3cccnc23)c(-c2cc(Cl)ccc2OC(F)F)n1,0.006227504050093585
194,O=C(Cc1ccccc1Oc1ccccc1)NCCc1ccc(O)cc1,0.0939479330487207
195,CS(=O)(=O)N1CCC(NC(=O)Cc2ccccc2)CC1,0.1396702852243342
196,CC1Cc2c(ccc(F)c2F)N1C(=O)Cc1nc(O)c(F)c(N2CCOCC2)n1,0.30581886772420547
197,Cc1ccc(NCC(=O)NN=Cc2ccc(-c3cccc(C(F)(F)F)c3)o2)cc1,0.07432287071755554
198,CCCCCCCC(C(=O)CS)C(=O)NC(CCCCNS(=O)(=O)c1ccc(C)cc1)C(=O)NC(=O)C(CC(C)C)NCC,0.13946104123384487
199,COc1cccc(C=CC(=O)c2ccc(-n3cc(COc4ccc5ccc(=O)oc5c4)nn3)cc2)c1OC,2.8229728032368183e-05
