BO Iteration,SMILES,Hypervolume,f1,f2
0,CCOC(=O)C1CCCN(CC(=O)Nc2cccc(C(C)=O)c2)C1,0.08555182411391929,0.21008403361344538,0.1353352832366127
1,CCCN(CCC(=O)Nc1cc(OC)cc(OC)c1)CC1CC1,0.08555182411391929,0.175,0.1353352832366127
2,COc1ccc(-c2ccc(C(F)(F)F)cc2)cc1C(CC(=O)O)c1ncc(C)s1,0.11658744766223478,0.15441176470588236,1.0
3,CC(C)Sc1nnc(O)n1-c1ccccc1,0.11658744766223478,0.14018691588785046,0.1353352832366127
4,COc1ccc(-c2c[nH]c3ncc(-c4cccc(NS(=O)(=O)c5ccccc5)c4)cc23)cc1OC,0.11658744766223478,0.15584415584415584,0.00033546262790251185
5,c1ccc(Cc2nc3ccccc3nc2NCCN2CCOCC2)cc1,0.11658744766223478,0.13138686131386862,0.1353352832366127
6,Nc1nc(N)c2c(Cl)c(S(=O)(=O)c3cccc(C(F)(F)F)c3)ccc2n1,0.11658744766223478,0.13953488372093023,1.0
7,O=C(C=CC=Cc1ccccc1)CCc1ccccc1,0.11658744766223478,0.14285714285714285,0.1353352832366127
8,CC(NC(=O)C#Cc1ccc(NC(=O)Nc2ccc(Cl)c(C(F)(F)F)c2)cc1)c1ccccc1,0.1370544307846558,0.1780821917808219,1.0
9,O=C(Cc1ccccc1)Nc1nnc(CCCCc2nnc(NC(=O)Cc3ccc(C(=O)O)cc3)s2)s1,0.1370544307846558,0.16455696202531644,0.1353352832366127
10,N#CC1=C(N)Oc2[nH]c(=O)[nH]c(=S)c2C12C(=O)Nc1ccccc12,0.1370544307846558,0.17073170731707318,0.1353352832366127
11,COc1ccc(N2CC(C(=O)N(CC(C)C)c3c(N)n(Cc4ccccc4)c(=O)[nH]c3=O)CC2=O)c(OC)c1,0.1370544307846558,0.2012987012987013,0.1353352832366127
12,N#CCc1c(C(N)=O)ncn1C1CCCCO1,0.1370544307846558,0.07758620689655173,0.1353352832366127
13,COc1ccc(N2CC(C)NC(C)C2)cc1NS(=O)(=O)c1ccc(-c2ccc(F)cc2F)cc1,0.1370544307846558,0.1390728476821192,0.1353352832366127
14,CCC1(CC(=O)O)CC(c2cccc(Cl)c2)C(c2ccc(Cl)cc2)N(C(CS(=O)(=O)C(C)C)C2CC2)C1=O,0.1370544307846558,0.16883116883116883,0.1353352832366127
15,CC1CC(=O)c2c3c(n(Cc4ccccc4)c2C1)-c1ccccc1C3=O,0.1370544307846558,0.16030534351145037,0.00033546262790251185
16,CNC(=O)Nc1c(C(C)C)cccc1C(C)C,0.1370544307846558,0.14018691588785046,0.00033546262790251185
17,C(=C(c1ccccc1)c1ccccc1)c1ccncc1,0.1370544307846558,0.11382113821138211,1.0
18,O=C(CC12CC3CC(CC(C3)C1)C2)NCc1ccco1,0.1370544307846558,0.0967741935483871,0.00033546262790251185
19,COS(=O)(=O)c1ccc(C(C)=C(c2ccccc2)c2ccccc2)cc1,0.1370544307846558,0.17054263565891473,1.0
20,O=C1NC(=S)SC1=Cc1ccccc1I,0.1370544307846558,0.1782178217821782,0.1353352832366127
21,Oc1ccc(-c2nnc3n2-c2cccnc2Nc2ccccc2-3)cc1,0.1370544307846558,0.13533834586466165,0.00033546262790251185
22,CCOC1(c2ccccc2)CCN(CC2CCc3c(OC)ccc(Cl)c3C2=O)CC1,0.14069167961353998,0.22556390977443608,0.1353352832366127
23,COc1ccc2c(c1)C(=O)c1ccc(Nc3ccc(F)c(F)c3F)cc1CC2,0.14069167961353998,0.11428571428571428,0.1353352832366127
24,CN=S(=O)(c1ccc(-c2ccc(-c3[nH]c4nc(OC5COC6C(O)COC56)nc-4cc3Cl)cc2)cc1)N(C)C,0.14069167961353998,0.13253012048192772,1.522997974471263e-08
25,Cc1ccc(OCCN2CCC2(C)C(=O)Nc2ccc3c(c2)OCCO3)cc1,0.14069167961353998,0.15328467153284672,0.1353352832366127
26,Fc1cccc(Cl)c1C1C=C(c2ccc(Br)cc2)Nc2ncnn21,0.14069167961353998,0.15873015873015872,0.1353352832366127
27,N#Cc1cn(-c2ccc(C(=O)O)cc2)c2ccc(-c3ccncc3)cc12,0.14069167961353998,0.10948905109489052,0.1353352832366127
28,O=C(NS(=O)(=O)c1ccc(Oc2ccccc2)cc1)c1cccc(-c2ccc(Cl)cc2Cl)c1,0.14069167961353998,0.16326530612244897,0.1353352832366127
29,CN(c1ccc(OCC(=O)OCc2nnc(-c3ccccc3)o2)cc1)S(=O)(=O)c1ccc(Cl)cc1,0.14069167961353998,0.19594594594594594,0.1353352832366127
30,FC(F)(F)c1ccc(NC(=S)c2cnoc2C2CCCCC2)cc1,0.14069167961353998,0.09022556390977443,1.0
31,COc1cccc(C=CCCCCOc2ccc(C(=O)c3cccc(C(=O)O)c3)cc2CCC(=O)O)c1,0.1506009896453883,0.1895424836601307,1.0
32,O=C(NC1CCCC1)c1ccc(Cl)c(S(=O)(=O)N2CCCCC2)c1,0.1506009896453883,0.12403100775193798,1.0
33,Cc1ccc(C(=O)N(NC2=NS(=O)(=O)c3ccccc32)S(=O)(=O)c2ccc(C)cc2)cc1,0.1506009896453883,0.16083916083916083,0.1353352832366127
34,COC(=O)C1=C(C)NC(C)=C(C(=O)NCCCN2CCC(c3ccccc3)(c3ccccc3)CC2)C1c1ccc(OC)cc1,0.15652362383701418,0.2848101265822785,0.00033546262790251185
35,ON=C(NCc1cc(F)cc(F)c1)c1ccc(Oc2cccc(F)c2)nc1,0.15652362383701418,0.11594202898550725,1.0
36,CN(C)CCCNC(=O)c1cc2c3ccccc3[nH]c2c2cccnc12,0.15652362383701418,0.1968503937007874,0.1353352832366127
37,Cc1[nH]c2nc(N)[nH]c(=O)c2c1Sc1nc2ccccc2s1,0.15652362383701418,0.17647058823529413,0.1353352832366127
38,COc1ccc(-c2cc(Cc3ccccc3OC)c(=NN=C(c3ccccc3)c3ccccc3C(=O)O)[nH]n2)cc1,0.15652362383701418,0.15976331360946747,0.00033546262790251185
39,CCCC(=O)NC1CCCN(c2cncc(Br)c2)C1,0.15652362383701418,0.11016949152542373,0.1353352832366127
40,NC(=O)c1ccc2c(c1)CCOC2CCN1CC=C(c2c[nH]c3c(F)c(F)ccc23)CC1,0.15652362383701418,0.14189189189189189,0.00033546262790251185
41,OCCCNc1ncnc2c1ncn2C1OC(CO)C(O)C1O,0.15652362383701418,0.07575757575757576,1.0
42,Cc1ccc(NC(=O)c2cc(NC(=O)c3ccco3)ccc2N2CCCCC2)cc1,0.15652362383701418,0.14685314685314685,0.1353352832366127
43,CC1(c2ccccc2)CC(c2cccc(-c3ccc(NS(C)(=O)=O)cc3C(=O)O)c2)Nc2ccc(C(=N)N)cc21,0.15652362383701418,0.15950920245398773,0.00033546262790251185
44,O=C(NNc1nc(Nc2ccc(Cl)cc2)nc(Nc2ccccn2)n1)c1ccncc1,0.15652362383701418,0.13513513513513514,0.1353352832366127
45,O=C(c1cc2ccccc2[nH]1)c1cc2c(Nc3ccc(Br)cc3F)ncnc2[nH]1,0.15652362383701418,0.14184397163120568,0.00033546262790251185
46,CCCn1c2ccccc2c2cnn(CC(=O)NCCCN3CCCCC3)c(=O)c21,0.15652362383701418,0.17985611510791366,0.1353352832366127
47,Cc1c(C(=O)N2CCC(O)(Cc3ccccc3)CC2)c2ccccc2n1C(=O)c1ccccc1,0.15652362383701418,0.16666666666666666,0.00033546262790251185
48,OC(=NCc1ccoc1)c1cccc(Cc2nnc(O)c3c2CCCC3)c1,0.15652362383701418,0.11428571428571428,0.1353352832366127
49,O=C(NC12CCC(=O)C3Oc4c(O)ccc5c4C31CCN(CC1CC1)C2C5)c1ccc2ccccc2n1,0.15652362383701418,0.13580246913580246,1.9287498479639178e-22
50,O=C(Nc1ccccc1Cl)c1ccc(F)c(S(=O)(=O)NCc2ccc(Cl)c(Cl)c2)c1,0.15652362383701418,0.18518518518518517,1.0
51,CC(=CCCC1(C)CCC(C(C)C(=O)O)OO1)CCC1=C(C)CCCC1(C)C,0.15652362383701418,0.10869565217391304,0.1353352832366127
52,CC(=O)OC1C2C(OC(C)=O)C3(OC2(C)C)C(C)(O)CC(C(C)=O)C(OC(C)=O)C3(O)C1OC(=O)c1ccccc1,0.15652362383701418,0.15527950310559005,0.1353352832366127
53,CCc1ccc(Cn2c(=O)c(C(=O)OC)cc3c([N+](=O)[O-])cccc32)cc1,0.17940050470928992,0.216,1.0
54,O=C(O)C(Cc1c[nH]c2ccccc12)N(C(=O)OCc1ccccc1)C(=O)OCC1c2ccccc2-c2ccccc21,0.17940050470928992,0.19879518072289157,1.522997974471263e-08
55,CC(C)(C)c1cc(C(C)(C)C)c2c(c1F)COP(=O)(OC1CC(n3cc(I)c(=O)[nH]c3=O)OC1CO)O2,0.17940050470928992,0.1069182389937107,0.1353352832366127
56,COc1cc(N=c2ssnc2Cl)c(OC)cc1Cl,0.17940050470928992,0.14414414414414414,0.1353352832366127
57,CCC(=O)C1C2CCC(CC1c1ccc(I)c(F)c1)N2,0.17940050470928992,0.13675213675213677,1.0
58,COc1ccc(-c2noc(-c3nnn(-c4cc(C)ccc4C)c3N)n2)cc1,0.17940050470928992,0.14074074074074075,0.1353352832366127
59,O=C1CN=C(n2cnc(C3CC3)c2)C=C2c3cccc(-c4cocn4)c3CCN12,0.17940050470928992,0.10204081632653061,1.522997974471263e-08
60,CCSC(=N)Nc1ccc2nc(N)sc2c1,0.17940050470928992,0.12962962962962962,0.1353352832366127
61,O=C1c2c(Cl)cccc2C(O)(c2ccc(Cl)cc2)N1Cc1ccc([N+](=O)[O-])cc1,0.17940050470928992,0.14492753623188406,0.1353352832366127
62,Cc1nc(NN=Cc2cn(-c3ccccc3)nc2-c2cccs2)sc1N=Nc1ccc(F)cc1,0.17940050470928992,0.11320754716981132,0.00033546262790251185
63,COC(=O)c1oc2ccc(Br)cc2c1NC(=O)CCN1CCOCC1,0.17940050470928992,0.1935483870967742,1.0
64,COc1ccc(Cn2c(CNS(=O)(=O)c3ccc(Cl)s3)nc3cccnc32)cc1,0.17940050470928992,0.15942028985507245,0.1353352832366127
65,CC(C)S(=O)(=O)N1CCOC(CCc2ccccc2)C1,0.17940050470928992,0.1565217391304348,0.1353352832366127
66,CC(=O)N1C2C=C(CN3CCC(Nc4ccc5c(F)cc(OC(C)C)cc5n4)CC3)CC1CCC2,0.17940050470928992,0.1346153846153846,0.00033546262790251185
67,Cc1sc(C)c2c1CCCc1cnn(-c3ccccc3)c1-2,0.17940050470928992,0.15966386554621848,0.1353352832366127
68,C=CC=CC(C)C(O)C(C)C(O)C(C)CC(C)=CC(C)C(O)C(C)C=CC(O)CC1OC(=O)C(C)C(O)C1C,0.17940050470928992,0.052941176470588235,0.00033546262790251185
69,COc1cc(-c2cccnc2)cc2c1nc(C)c1c(C)nc(-c3ccc(F)nc3)n12,0.17940050470928992,0.13194444444444445,0.00033546262790251185
70,CCc1nc2c(OCc3ccccc3)cccn2c1N,0.17940050470928992,0.19469026548672566,1.0
71,COC(c1ccc(Cl)cc1)C1CCN(S(=O)(=O)c2c(C)nn(C)c2C)CC1,0.17940050470928992,0.17054263565891473,1.0
72,COc1ccc(OCCSc2nc(N)cc(O)n2)cc1,0.17940050470928992,0.16521739130434782,0.1353352832366127
73,CC(C)c1ccccc1Sc1ccc(C=CC(=O)N2CCNC(CO)C2)cc1[N+](=O)[O-],0.17940050470928992,0.17142857142857143,1.0
74,CCCCN1C(Nc2ccccc2)=NCC1CC(C)C,0.17940050470928992,0.18584070796460178,0.1353352832366127
75,CCOC(=O)Cn1ncc2c(C)ncn2c1=O,0.17940050470928992,0.18095238095238095,0.1353352832366127
76,C=CCSc1nnc2c(n1)OC(c1c(C)[nH]n(-c3ccccc3)c1=O)Nc1ccccc1-2,0.17940050470928992,0.14864864864864866,0.00033546262790251185
77,O=C(NCCc1cc(F)ccc1F)NC(CO)c1ccccc1,0.17940050470928992,0.16393442622950818,0.1353352832366127
78,O=C(NCCCCc1ccccc1)Nc1cccc(F)c1,0.17940050470928992,0.1694915254237288,0.1353352832366127
79,CC1CCCC2CC(NC(=O)c3c(O)ccc4ccccc34)CCN12,0.17940050470928992,0.14615384615384616,0.1353352832366127
80,CS(=O)(=O)N(CC(=O)Nc1ccccc1Sc1ccccc1)c1cccc(Br)c1,0.17940050470928992,0.15217391304347827,1.0
81,O=C(Nc1ccc(Cl)c(S(=O)(=O)Nc2cccc(Cl)c2)c1)c1ccc([N+](=O)[O-])o1,0.17940050470928992,0.145985401459854,1.0
82,CN(CCNC(=O)c1nc(-c2ccccc2)c2c(cc(-c3ccccc3)c(=O)n2Cc2ccccc2)c1O)S(C)(=O)=O,0.17940050470928992,0.14619883040935672,0.00033546262790251185
83,COc1cc(OC)c(NC(=O)CSc2nccn2C)cc1Cl,0.17940050470928992,0.1896551724137931,0.1353352832366127
84,CC12CCC3C(CCC45OC4C(=O)CCC35C)C1CCC2(O)Cc1ccccn1,0.17940050470928992,0.10344827586206896,1.522997974471263e-08
85,Cc1ccnc(Nc2sc(-c3ccccc3)cc2C(N)=O)c1,0.17940050470928992,0.1864406779661017,1.0
86,O=C(O)CCc1ccc(-c2ccc(Cl)cc2)n1Cc1ccco1,0.17940050470928992,0.16260162601626016,1.0
87,O=C(Nc1ccc(C(=O)N2Cc3cccn3Cc3ccccc32)cc1)c1cc(Cl)ccc1Cl,0.17940050470928992,0.17006802721088435,0.00033546262790251185
88,CC(CCC(=O)NN=Cc1cccs1)C1CCC2C3C(O)CC4CC(O)CCC4(C)C3CC(O)C12C,0.17940050470928992,0.09202453987730061,0.00033546262790251185
89,COc1ccc(C(=O)C(=O)c2ccc(OC)cc2)cc1,0.17940050470928992,0.1875,0.1353352832366127
90,COc1ccccc1C(CNC(=O)c1ccc(NS(=O)(=O)c2ccc(C(C)=O)cc2)cc1)N1CCCC1,0.17940050470928992,0.17419354838709677,0.1353352832366127
91,Cc1cn(C2CC(c3ccco3)N(C(C)(C)C)O2)c(=O)[nH]c1=O,0.17940050470928992,0.14754098360655737,1.0
92,CCCCOc1ccc(C(C)C(=O)NO)cc1,0.17940050470928992,0.18095238095238095,0.00033546262790251185
93,N=C(N)Nc1ccc(-c2c[nH]cn2)cc1,0.17940050470928992,0.1111111111111111,0.1353352832366127
94,CC(C)(C)NC(=O)CSc1nnc(Cc2ccccc2)n1CC1CCCO1,0.17940050470928992,0.17557251908396945,1.0
95,Cc1cc(C)c(S(=O)(=O)N2CCN(C)CC2)c(C)c1,0.17940050470928992,0.10344827586206896,0.1353352832366127
96,COC1=C(C)C(=O)c2c(c(COC(N)=O)c3n2CC(OC(C)=O)C3OC(C)=O)C1=O,0.17940050470928992,0.1893939393939394,1.0
97,Cc1cc2c(cc1C)-c1nc3c(cc1CCC2)C(=O)CC(C)(C)C3,0.17940050470928992,0.1076923076923077,0.1353352832366127
98,CCCCNC(=O)NS(=O)(=O)c1ccc(C(=O)OC)o1,0.17940050470928992,0.21296296296296297,0.00033546262790251185
99,COCCOc1cc2c(N3CCN(C(=O)Nc4ccc(C#N)cc4)CC3)ncnc2cc1OCCN1CCCCC1,0.17940050470928992,0.14534883720930233,0.00033546262790251185
100,O=C(Nc1cccc(C(=O)N2CCCC2c2nc3ccccc3s2)c1)c1cccs1,0.17940050470928992,0.1619718309859155,0.00033546262790251185
101,CC(=O)OC1CC2CC(OC(=O)c3ccc(Cl)cc3)CC1N2C,0.17940050470928992,0.18487394957983194,1.0
102,Cc1cc(C(=O)NC2CCCc3c2cnn3-c2ccc(C)c(C)c2)nc(C)n1,0.17940050470928992,0.15555555555555556,0.1353352832366127
103,Cc1cc(OCCCc2c(C(=O)NS(=O)(=O)CCNC(=O)CC(C)C)[nH]c3cc(Cl)ccc23)cc(C)c1Cl,0.17940050470928992,0.20666666666666667,1.0
104,Cc1ccc(Oc2ccc(Nc3ncc(N=C(O)C4CCOCC4)c(=O)n3Cc3ccc(Cl)cc3)cc2)cn1,0.17940050470928992,0.1242603550295858,0.00033546262790251185
105,CC1(N)CN(c2c(F)cc3c(=O)c(C(=O)O)cn(CCF)c3c2Cl)C1,0.17940050470928992,0.144,1.0
106,O=C1CCSC2=C1CN(c1cc3c(cc1F)c(=O)c(C(=O)O)cn3C1CC1)CC2,0.17940050470928992,0.09722222222222222,0.00033546262790251185
107,CCN(CC)C(=S)SC(CC(C)=O)c1ccccc1,0.17940050470928992,0.205607476635514,0.00033546262790251185
108,CC(=O)C(Cc1ccccc1N)c1ccccc1,0.17940050470928992,0.1743119266055046,0.1353352832366127
109,CCN(Cc1ccccc1)S(=O)(=O)c1ccc2oc(C(=O)O)c(C)c2c1,0.17940050470928992,0.21138211382113822,1.0
110,OCC1C(O)C(O)C2CSC(=NCCCCCCCc3ccccc3)N12,0.17940050470928992,0.1259259259259259,1.0
111,Cc1c(O)nc(S)nc1Cc1ccccc1,0.17940050470928992,0.17307692307692307,0.1353352832366127
112,C[n+]1c2n(c3ccccc31)N=C(c1ccccc1)C[Se]2,0.17940050470928992,0.13333333333333333,0.1353352832366127
113,CCOc1cc(=O)n(C)cc1-c1cc(N(Cc2ccccc2Cl)S(=O)(=O)Cc2ccccc2)ccc1Oc1ccc(F)cc1F,0.17940050470928992,0.1791907514450867,0.00033546262790251185
114,NC1c2ccccc2Cc2ccccc21,0.17940050470928992,0.17475728155339806,1.0
115,N#CCSc1nc2ccccc2c(=O)n1CCCC(=O)NCC1CCCO1,0.17940050470928992,0.17424242424242425,1.0
116,Clc1cccc(Cl)c1C=Nc1ccco1,0.17940050470928992,0.15384615384615385,0.1353352832366127
117,COc1cccc(NC(=O)CN(C)C(=O)CN2C(=O)c3ccc([N+](=O)[O-])cc3C2=O)c1,0.17940050470928992,0.18248175182481752,1.0
118,CCOC1c2ccccc2C(=O)N1CCC[N+](C)(C)CCCCCC[N+](C)(C)CCCN1C(=O)c2ccccc2C1OCC,0.17940050470928992,0.1893491124260355,0.1353352832366127
119,Cc1cc(N2CCCC2)nc(N)[n+]1OS(=O)(=O)[O-],0.17940050470928992,0.08620689655172414,0.1353352832366127
120,Cc1nc2cccc(-c3cc4c(O)[nH]cnc-4n3)c2nc1F,0.17940050470928992,0.12903225806451613,0.1353352832366127
121,O=C(NCCOc1nc(N2CCOCC2)nc(N2CCOCC2)n1)Nc1ccccc1,0.17940050470928992,0.14189189189189189,0.1353352832366127
122,NC(=O)C1(c2ccncc2)CC2CCC(C1)N2C(c1ccccc1Cl)c1ccccc1Cl,0.17940050470928992,0.16551724137931034,0.00033546262790251185
123,CC(=O)c1ccccc1OCCCN1CCN(C(=O)c2ccc(Cl)cc2)CC1,0.18031208921688546,0.21705426356589147,1.0
124,CCN(CC)C(c1ccc(COC2COc3nc([N+](=O)[O-])cn3C2)cc1)c1nnnn1C(C)(C)C,0.18031208921688546,0.1437908496732026,0.1353352832366127
125,O=C(CCc1ccc(O)c(-c2cc(C(=O)CCc3ccc(O)cc3)c(O)cc2O)c1)c1ccc(O)cc1O,0.18031208921688546,0.13664596273291926,0.1353352832366127
126,N=c1c(S(=O)(=O)c2ccccc2)c(NCCO)nc2ccccn12,0.18031208921688546,0.15079365079365079,1.0
127,O=S(=O)(Nc1cccc(Cc2nnc(O)c3c2CCCC3)c1)c1cccc2ccccc12,0.18031208921688546,0.12582781456953643,0.00033546262790251185
128,COC(=O)c1sccc1NC(=O)Nc1cc(OC)ccc1OC,0.18183464358465287,0.23684210526315788,0.1353352832366127
129,COc1cc(P(C)(C)=O)ccc1Nc1ncc(Cl)c(Nc2ccccc2OC)n1,0.18183464358465287,0.19696969696969696,1.0
130,CCN(CCNC(=O)OC(C)(C)C)Cc1cc(Nc2ccnc3cc(Cl)ccc23)ccc1O,0.18183464358465287,0.18181818181818182,1.0
131,O=c1[nH]c2sccc2c(NC2CCNC2)c1-c1nc2ccccc2[nH]1,0.18183464358465287,0.14393939393939395,0.00033546262790251185
132,COc1ccc(C2CCN(C(=O)COc3ccc(-c4cc5c([nH]4)c(=O)n(C)c(=O)n5C)cc3OC)CC2)cc1,0.18183464358465287,0.16149068322981366,0.00033546262790251185
133,O=C1CSc2nc3ccccc3n21,0.18183464358465287,0.15,1.0
134,COC(=O)C1CN(C)CCC1c1ccc(-c2cccs2)cc1,0.18183464358465287,0.15702479338842976,1.0
135,COCCN(C(=O)CCl)C(=C(C)C)c1ccc(C)cc1,0.18183464358465287,0.21296296296296297,0.00033546262790251185
136,Cc1ccc2cccc(NS(=O)(=O)c3ccccc3[N+](=O)[O-])c2n1,0.18183464358465287,0.16129032258064516,1.0
137,Cc1cc(C)nc(-n2nc(-c3ccc(F)cc3)cc2C(F)(F)F)n1,0.18183464358465287,0.1171875,1.0
138,CC(=O)Nc1ccc(-c2ccnc3c2CC(C)(C(=O)Nc2ccc(Cl)c(C(F)(F)F)c2)O3)cc1,0.18183464358465287,0.1554054054054054,0.1353352832366127
139,N#Cc1ccc(Cc2ccc3c(c2)C2(OC3)OC(CO)C(O)C(O)C2O)cc1,0.18183464358465287,0.09859154929577464,0.1353352832366127
140,CS(=O)(=O)c1ccc(-c2cc(C(N)=O)nc(NC3CCCCC3)n2)cc1,0.18183464358465287,0.13636363636363635,1.0
141,COc1ccc(CN2CCOC(COc3ccc(OC)cc3)C2)cc1,0.18183464358465287,0.1450381679389313,1.0
142,CCn1cc(C(=O)NCCCN2CCC(C)CC2)c2cc(OC)c(OC)cc2c1=O,0.18183464358465287,0.18382352941176472,1.0
143,CC1CC2(CCC1O)Cc1ccc(-c3cccnc3)cc1C21NC(=N)N(Cc2ncccn2)C1=O,0.18183464358465287,0.11949685534591195,1.522997974471263e-08
144,CC(=O)N1CCN(C(=O)C2CCN(S(=O)(=O)c3ccccc3C(F)(F)F)CC2)CC1,0.18183464358465287,0.14388489208633093,1.0
145,Cn1nc(C(F)(F)F)c(C#N)c1N1CCN(c2ccc(F)cc2)CC1,0.18183464358465287,0.08955223880597014,1.0
146,O=C(O)CCCCCCCOc1cc(-c2ccccc2)c2ccccc2n1,0.18183464358465287,0.18181818181818182,1.0
147,Cc1ccc(S(=O)(=O)n2cc(CC3CCCN3C)c3ccccc32)cc1,0.18183464358465287,0.17054263565891473,0.1353352832366127
148,O=C1CCC(c2c(-c3ccc(F)cc3Cl)nc3ccccn23)=NN1c1ccccc1Cl,0.18183464358465287,0.14482758620689656,0.00033546262790251185
149,O=C(Nc1ccc(C(=O)O)nc1)c1cc2c3c(c1)CCCC3CCC2,0.18183464358465287,0.14615384615384616,0.1353352832366127
150,NCCCS(=O)(=O)c1ccc(-n2nc(C(N)=O)c3c2-c2cc(NC(=O)c4cccnc4Cl)ccc2CC3)cc1,0.18183464358465287,0.16875,0.00033546262790251185
151,O=C(Nc1ccc2c(c1)OCO2)c1ccc(N2CCCC2)c([N+](=O)[O-])c1,0.18183464358465287,0.11764705882352941,0.1353352832366127
152,CC(C)CC(NC(=O)c1cc(COc2ccccc2)ccc1CCC(=O)O)c1ccc(C(F)(F)F)c(F)c1,0.18183464358465287,0.19736842105263158,1.0
153,CC1=CCCC(COC2OC(CO)C(O)C(O)C2O)=CC2OC(=O)C(C)C2CC1,0.18183464358465287,0.0979020979020979,1.0
154,Cc1cc(CNCCN(C)C)c(C)n1-c1cc(S(=O)(=O)N2CCOCC2)ccc1N1CCCC1,0.18183464358465287,0.13815789473684212,0.1353352832366127
155,CCCCCCc1cc(=O)oc2[nH]c(=O)[nH]c(=O)c12,0.18183464358465287,0.14035087719298245,0.1353352832366127
156,NC(=O)c1ccc(C(=O)NC2CC3CCC(C2)N3c2ccc(C(=O)NCc3ccccc3)cn2)cc1,0.18183464358465287,0.15286624203821655,0.00033546262790251185
157,COc1ccc(-c2nc(=Nc3ccccc3)sn2-c2ccccc2)cc1,0.18183464358465287,0.14074074074074075,0.1353352832366127
158,Cc1csc(-c2cnn(-c3ccccc3)c2NC(=O)c2cccc(F)c2)n1,0.18183464358465287,0.15671641791044777,0.1353352832366127
159,C=C(COC1OC(CO)C(O)C(O)C1O)C1Oc2ccc(C(C)=O)cc2C1O,0.18183464358465287,0.13333333333333333,1.0
160,O=C(c1cc(F)ccc1F)C1CCCN(C(=O)c2ccco2)C1,0.18183464358465287,0.14516129032258066,1.0
161,O=C(NCCc1csc(-c2ccncc2)n1)C1CC(=O)N(C2CC2)C1,0.18183464358465287,0.12878787878787878,0.1353352832366127
162,CC(=O)OC1CCC2(C)C(CC(OC(C)=O)C3(C)C4=CCC(C5COC(O)(C(C)(C)O)C(O)C5)C4(C)CCC23)C1(C)C,0.18183464358465287,0.08,0.00033546262790251185
163,Oc1ccc(-c2cc(CN3CC4CCC(C3)N4Cc3ccnc(-c4ccc(O)cc4)c3)ccn2)cc1,0.18183464358465287,0.08928571428571429,1.522997974471263e-08
164,Cc1cn(-c2cc3[nH]c(-c4ccncc4)nc3cc2Cl)cn1,0.18183464358465287,0.14634146341463414,0.1353352832366127
165,Cn1cc(-c2ccc3[nH]nc(-c4cc(N5CCN(C6CC6)CC5)ncn4)c3c2)cn1,0.18183464358465287,0.1,1.522997974471263e-08
166,CC(C)c1cc(Oc2c(Cl)cc(NC(Cc3ccccc3)C(=O)O)cc2Cl)ccc1O,0.18183464358465287,0.1897810218978102,1.0
167,CC1(C)OC(=O)N(c2ccccc2)C12C=Cc1cc([N+](=O)[O-])cc([N+](=O)[O-])c1O2,0.18183464358465287,0.145985401459854,0.1353352832366127
168,NCCCC(=O)Nc1ccc(C(=O)Nc2nccs2)cc1,0.18183464358465287,0.1810344827586207,0.1353352832366127
169,COC(=O)N(C)NC(CCc1ccncc1)COc1ccc(-c2cccc([N+](=O)[O-])c2)cc1,0.18183464358465287,0.17123287671232876,1.0
170,CN1CCN(c2ccc([N+](=O)[O-])cc2NC(=O)Cc2ccccc2)CC1,0.18183464358465287,0.15267175572519084,1.0
171,O=C(NCCO)c1cc(CNc2ccccc2C(=O)Nc2ccc3c(c2)OC(F)(F)O3)ccn1,0.18183464358465287,0.16778523489932887,0.1353352832366127
172,CCCCOc1ccc2c3c1OC1C(O)C=CC4C(C2)N(C)CCC341,0.18183464358465287,0.14615384615384616,0.00033546262790251185
173,Oc1c(O)c(Br)c(CCc2c(Br)c(O)c(O)c(Br)c2Br)c(Br)c1Br,0.18183464358465287,0.061068702290076333,0.1353352832366127
174,C=CCNC(=O)CC(=O)NN=Cc1cccc(Br)c1,0.18183464358465287,0.1504424778761062,0.00033546262790251185
175,O=C(N1CCC(c2cn[nH]c2)C1)N1CCNc2ccccc21,0.18183464358465287,0.14516129032258066,0.1353352832366127
176,Cc1ccc(-c2ccc(S(=O)(=O)NC(C(=O)O)C(C)C)cc2)cc1,0.18183464358465287,0.14516129032258066,0.1353352832366127
177,CCNC(=N)NN=Cc1ccc(OCc2n(C)c3ccccc3[n+]2C)cc1,0.18183464358465287,0.18461538461538463,1.0
178,Cc1ccc(C)n1-c1ccccc1C1C=Cn2c3c1c(=O)c(OC(C)C)c(OC(C)C)c-3n[nH]c2=O,0.18183464358465287,0.18791946308724833,0.00033546262790251185
179,CC(C)(C)C(=O)NC(=S)NNC(=O)c1ccc(Cl)cc1Cl,0.18183464358465287,0.17857142857142858,0.00033546262790251185
180,CCCCCCC(C)OS(=O)(=O)NC(=O)Nc1c(C(C)C)cccc1C(C)C,0.18183464358465287,0.16923076923076924,0.00033546262790251185
181,O=c1n(Cc2nc3ccc(Cl)cn3c2CCCCO)c2cnccc2n1C1CC1,0.18183464358465287,0.14285714285714285,0.00033546262790251185
182,Cc1cc(C(=O)NCCCn2cnc([N+](=O)[O-])n2)c(C)o1,0.18183464358465287,0.13445378151260504,0.1353352832366127
183,COc1ccc(NC2CCN(CCc3ccccc3)CC2)cc1OC,0.18183464358465287,0.171875,1.0
184,O=C(NC1CCCN(Cc2ccccc2)C1)c1cc(Cl)cc(Cl)c1,0.18183464358465287,0.168,1.0
185,COc1cc(N2CCC(N(C)Cc3ccc(Cl)c(Cl)c3)CC2)ncn1,0.18183464358465287,0.15625,1.0
186,CC1(NC(=O)CC(c2ccccc2)(c2ccccc2)c2ccccc2)CCN(CCCc2ccccc2)C1=O,0.18183464358465287,0.1437125748502994,0.00033546262790251185
187,CN1CCN(c2ccc(Nc3ncc4ccc(-c5ccccc5NS(C)(=O)=O)n4n3)cc2)CC1,0.18183464358465287,0.12903225806451613,0.00033546262790251185
188,CC(NC(=O)C(Cc1ccc(OC(C(=O)O)C(=O)O)cc1)NC(=O)C(CCC(=O)O)NC(=O)OCC1c2ccccc2-c2ccccc21)C(=O)O,0.18183464358465287,0.1783783783783784,0.1353352832366127
189,C[N+]1(C)CCOC(O)(c2ccc(-c3ccc(-c4ccc(C5(O)C[N+](C)(C)CCO5)cc4)cc3)cc2)C1,0.18183464358465287,0.09146341463414634,0.00033546262790251185
190,CCN(CC)C(=O)c1cc(N)n2nc(-c3ccc(Br)o3)nc2c1,0.18183464358465287,0.175,1.0
191,Cc1cnc(C(CC(=O)O)c2cc(F)cc(-c3cc(F)ccc3F)c2)s1,0.18183464358465287,0.13740458015267176,1.0
192,Cc1cc(C(F)(F)F)ccc1C12CC1CN(CCCSc1nnc(-c3ocnc3C)n1C)C2,0.18183464358465287,0.13333333333333333,0.00033546262790251185
193,CC(=O)Nc1ccc2c(c1)C1(CCOCC1)C(=O)N2c1ccsc1,0.18183464358465287,0.12307692307692308,0.1353352832366127
194,CCCCN(CCCC)C(=O)c1ccccc1N,0.18183464358465287,0.22115384615384615,0.00033546262790251185
195,Cc1nc(C)c(C(O)(c2ccc3nc(Cl)c(-c4ccccc4)c(Cl)c3c2)C(C)C)s1,0.18183464358465287,0.15942028985507245,0.1353352832366127
196,CC(=O)N1CCN(C(=O)c2cc(CSc3cnc(NC(=O)c4ccc(N(C)C)cc4)s3)cc([N+](=O)[O-])c2)CC1,0.18183464358465287,0.13414634146341464,0.1353352832366127
197,CCc1ccc(S(=O)(=O)c2nnn3c2nc(Nc2cc(OC)ccc2OC)c2sccc23)cc1,0.18183464358465287,0.14473684210526316,0.00033546262790251185
198,CCC(C)C(C(=O)NN=Cc1ccc(Cl)cc1)N1C(=O)c2ccccc2C1=O,0.18183464358465287,0.20155038759689922,1.0
199,COc1ccc(NC(=O)c2ccc3nccnc3c2)cc1,0.18183464358465287,0.14049586776859505,1.0
