BO Iteration,Selected SMILES by EI,f1,f2,R2 Indicator
0,CC(C)(C)c1ccc(Cn2ccc(CCCCC(=O)NO)n2)cc1,0.152,0.1353352832366127,0.2614
1,CCCCc1ncc(C=C2C(=O)N(CCCC)C(=O)N2Cc2ccsc2)n1Cc1ccc(C(=O)O)cc1,0.14465408805031446,0.1353352832366127,0.2614
2,CC(=O)N1CCCC1(Cc1ccc(F)cc1)C(=O)OCc1ccccc1,0.1984126984126984,1.0,0.2221
3,CC(NC(=O)C1(Cc2ccccc2)CCN1C(=O)OCc1ccccc1)C(N)=O,0.1865671641791045,1.0,0.2221
4,CC(C)(C)NC(=O)C1CCCN1C(=O)C(=O)C(Cc1ccccc1)NC(=O)OCc1ccccc1,0.18243243243243243,1.0,0.2221
5,COc1ccc(CC(NC(=O)C2(NC(=O)C(SC(C)=O)C(C)C)CCCC2)C(=O)OCc2ccccc2)cc1,0.18471337579617833,1.0,0.2221
6,NC(=O)C1(Cc2ccc(OCc3ccccc3)cc2)CC1C(=O)NO,0.2032520325203252,1.0,0.2153
7,CC(C)CC(NC(=O)C1CCCN1C(=O)C(N)Cc1ccc(O)cc1)C(=O)NC(Cc1ccccc1)C(N)=O,0.16352201257861634,1.0,0.2153
8,COc1ccc(CCNC(=O)C(=O)C(CCCN=C(N)N)NC(=O)C2CCN3CCC(N)(Cc4ccccc4)CN23)cc1,0.16374269005847952,0.1353352832366127,0.2153
9,CCOC(=O)C(Cc1ccccc1)NC(=O)OC(C)(C)C,0.2641509433962264,0.00033546262790251185,0.2321
10,CC(=O)N(CCc1ccccc1)c1ccc2c(c1)C1CC2CCN1C(=O)OCc1ccccc1,0.2054794520547945,0.00033546262790251185,0.2321
11,CC(C)C(NC(=O)C(S)Cc1ccccc1)C(=O)NC(Cc1ccc(O)cc1)C(=O)O,0.16546762589928057,0.1353352832366127,0.2321
12,CC(C)CC(NC(=O)C=Cc1ccc(OP(=O)(O)O)cc1)C(=O)N1CCCC1C(=O)NC(COCc1ccccc1)COC(N)=O,0.19186046511627908,1.0,0.2321
13,CC(NC(=O)OCc1ccccc1)C(=O)NC(C)C(=O)NN(CC(N)=O)C(=O)C=CC(=O)N1CCCc2ccccc21,0.16167664670658682,1.0,0.2321
14,N=C(N)N1CCCC(NC(=O)CNC(=O)C(CCNC(=O)c2cncc(Br)c2)NC(=O)OCc2ccccc2)C1O,0.17073170731707318,1.0,0.2321
15,NC(=O)C(=O)C(Cc1ccccc1)NC(=O)C1CCN(C(=O)C=Cc2ccncc2)CC1,0.14285714285714285,1.0,0.2321
16,Cc1cnc(C(=O)NC(Cc2nc(I)n(Cc3ccccc3)c2I)C(=O)N2CCCC2C(N)=O)cn1,0.18666666666666668,0.1353352832366127,0.2321
17,CCC(NC(=O)C(CC(C)C)NC(=O)OCc1ccccc1)C(=O)C(=O)NCc1ccncc1,0.20279720279720279,0.1353352832366127,0.2321
18,O=C(Nc1ccccc1)C1CCCN(C(=O)c2ccc(F)cc2)C1,0.15873015873015872,1.0,0.2321
19,NC(CCNCc1ccccc1OCc1ccccc1)C(=O)N1CCCCC1,0.16911764705882354,1.0,0.2321
20,O=C(C(Cc1ccccc1)NS(=O)(=O)c1ccc(Cl)cc1)N1CCC2(O)CCCCC2C1,0.14285714285714285,0.1353352832366127,0.2321
21,CC(=O)Nc1ccc(NC(=O)COC(=O)c2ccccc2SCC(=O)N2CCCC2)cc1,0.18309859154929578,1.0,0.2321
22,CSc1ccc(C(=O)C(=O)c2ccccc2C(=O)N2CCCCC2)cc1,0.16153846153846155,1.0,0.2321
23,CCOc1cc(C(=S)N2CCCC2)ccc1OCc1ccccc1,0.18548387096774194,1.0,0.2321
24,O=C(COc1cccc(F)c1C(=O)N1CCCCC1)NC(CO)Cc1ccccc1,0.17266187050359713,1.0,0.2321
25,O=C(C=Cc1ccc(OCCCCN2CCCCC2)cc1)c1ccccc1,0.16296296296296298,1.0,0.2321
26,NC(=O)c1ccc(-c2noc(C3CCCCN3C(=O)COc3ccccc3)n2)cc1,0.17985611510791366,0.1353352832366127,0.2321
27,O=C(c1ccccc1SCc1ccccc1)N1CCCCCC1,0.1328125,1.0,0.2321
28,CCc1ccc(NC(=O)C(=O)c2cn(CC(=O)N3CCCCC3)c3ccccc23)cc1,0.1773049645390071,0.1353352832366127,0.2321
29,O=C(NCCCN1CCOCC1)c1ccnc(OCc2ccccc2)c1,0.16666666666666666,1.0,0.2321
30,CC(=O)c1ccc(N2CCCC(CO)(Cc3ccccc3F)C2)nc1,0.15625,1.0,0.2321
31,O=C(C(=O)N1CCCC1C(=O)OCCCc1cccnc1)c1ccccc1,0.19230769230769232,1.0,0.2321
32,COc1ccccc1C(=CCCN1CCCC(C(=O)O)C1)c1ccccc1,0.17424242424242425,1.0,0.2321
33,O=C(CN1CCN(C(=O)c2ccccc2)CC1)Nc1ccc(Br)cn1,0.15503875968992248,1.0,0.2321
34,O=C(Oc1ccc(Br)cc1C(=S)N1CCOCC1)c1ccccc1,0.15873015873015872,1.0,0.2321
35,CS(=O)(=O)N1CCc2cc(C(=O)OCC(=O)c3ccccc3)ccc21,0.20491803278688525,1.0,0.2303
36,CNC(=O)c1ccc(OC)c2c(C(=O)C(=O)N3CCN(C(=O)c4ccccc4)CC3)c[nH]c12,0.1888111888111888,0.1353352832366127,0.2303
37,O=C(c1ccc(OCc2cccnc2)cc1)C1CC1,0.14782608695652175,1.0,0.2303
38,O=C(CSCc1ccccc1)N1CCc2ccccc21,0.15254237288135594,1.0,0.2303
39,CSCC1CCN(C(=O)c2ccccc2NCc2cccnc2)C1,0.15748031496062992,1.0,0.2303
40,O=C(OCC1CCCN(C(=O)CCc2ccccc2)C1)c1ccccc1C(F)(F)F,0.19117647058823528,1.0,0.2303
41,O=C(NC(=S)NCCC1CCN(Cc2ccccc2)CC1)c1ccc(C(F)(F)F)cc1,0.14583333333333334,1.0,0.2303
42,Cc1ccc(C(=O)N2CCCC(CCC(=O)NCc3ccccc3F)C2)cn1,0.1984732824427481,1.0,0.2303
43,O=C(NCc1cccs1)C1CCCN1S(=O)(=O)c1ccccc1F,0.15079365079365079,1.0,0.2303
44,CCCN1CCCC1C(=O)NCc1ccc(C(=N)N)cc1,0.1623931623931624,0.1353352832366127,0.2303
45,O=C(CCNC(=O)C1CCN(S(=O)(=O)c2ccccc2)CC1)NCc1cccc(C(F)(F)F)c1,0.15436241610738255,1.0,0.2303
46,Cc1cccc(C(=O)NCCC(=O)N2CCc3ccccc3C2)c1,0.19672131147540983,1.0,0.2303
47,O=S(=O)(NCCN1CCc2ccccc2C1)c1ccccc1,0.13709677419354838,1.0,0.2303
48,Cc1ccccc1CC1(CO)CCCN(C(=O)c2ccccc2N(C)C)C1,0.17692307692307693,1.0,0.2303
49,O=c1ccc(-c2ccccc2)nn1CCC(=S)N1CCCC1,0.13709677419354838,1.0,0.2303
50,CC1(c2ccccc2)CCCN(C(=O)NCCc2ccc3nc[nH]c3c2)C1,0.15555555555555556,0.1353352832366127,0.2303
51,O=C(O)CCN1CCc2ccccc2C1c1ccncc1,0.1794871794871795,1.0,0.2303
52,CN(CC=Cc1ccccc1)Cc1cccc2c1CCC2,0.13934426229508196,1.0,0.2303
53,O=C(COC(=O)c1ccc(Br)o1)NC1CCCc2ccccc21,0.23275862068965517,1.0,0.1937
54,O=C(OCC1CCCCO1)c1cccc(-c2ccccc2)c1,0.17355371900826447,1.0,0.1937
55,c1coc(CN2CCC3(CCCc4ccccc43)CC2)c1,0.1111111111111111,0.1353352832366127,0.1937
56,O=C(C=Cc1ccccc1)c1ccc2c(c1)OCCCCO2,0.136,1.0,0.1937
57,O=C(O)C1CCCN(CCOCCN2c3ccccc3Sc3ccccc32)C1,0.1865671641791045,0.1353352832366127,0.1937
58,O=C(CN1CCCCC1c1cccnc1)c1ccccc1,0.13934426229508196,1.0,0.1937
59,Cc1ccc(C(=O)NCC(=O)OC(C)C(=O)NC2CCCc3ccccc32)cc1,0.21374045801526717,1.0,0.1937
60,Cc1cccc(C(=O)C2CCCc3cccnc32)c1,0.15789473684210525,1.0,0.1937
61,O=C(CS(=O)(=O)c1ncccc1Cl)NC1CCCc2ccccc21,0.2184873949579832,1.0,0.1937
62,CSc1ncccc1C(=O)OCC(=O)c1ccccc1,0.21818181818181817,0.1353352832366127,0.1937
63,O=C(CNC(=O)c1ccc(N2CCCCC2)cc1)NC1CCCc2ccccc21,0.17391304347826086,0.1353352832366127,0.1937
64,O=C(NCC1C(c2ccccc2)C(CO)N1Cc1ccccn1)C1CCC1,0.13970588235294118,0.1353352832366127,0.1937
65,CCN(c1ccccc1)S(=O)(=O)c1ccc(C(=O)N2CCCC(C(F)(F)F)C2)cc1,0.1510791366906475,1.0,0.1937
66,Cc1ccc(NC(=O)CCCOc2ccccc2)cc1S(=O)(=O)N1CCOCC1,0.18518518518518517,1.0,0.1937
67,CCOc1ccccc1NC(=O)C1CCCCN1S(=O)(=O)c1ccccc1,0.17557251908396945,1.0,0.1937
68,Cc1ccc(C2(O)CCN(C(=O)c3cccc(S(C)(=O)=O)c3)CC2)nc1,0.13740458015267176,1.0,0.1937
69,CN(C)S(=O)(=O)N1CCCC(c2cccc(Cc3ccccc3F)n2)C1,0.15384615384615385,1.0,0.1937
70,N=C(N)N1CCCC(CNC(=O)CNS(=O)(=O)c2ccc3ccccc3c2)C1,0.16417910447761194,1.0,0.1937
71,COC(=O)c1ccccc1S(=O)(=O)N1CCC2(C=Cc3ccccc32)CC1,0.18461538461538463,0.1353352832366127,0.1937
72,O=C(NC1CCCC1)c1ccc(COc2ccccc2Br)o1,0.175,1.0,0.1937
73,O=C(CN(Cc1cccs1)C(=O)CNS(=O)(=O)c1ccccc1)NC1CCCC1,0.15942028985507245,1.0,0.1937
74,O=C(O)c1ccc(NC2CCCCC2)c(NCc2ccccc2)c1,0.1484375,1.0,0.1937
75,Cc1ccc(S(=O)(=O)CCC(=O)Nc2ccccc2N2CCCC2)cc1,0.17054263565891473,1.0,0.1937
76,CC(C)c1ccccc1OCCN1CCC(NS(=O)(=O)c2cccc(Cl)c2)C1,0.19083969465648856,1.0,0.1937
77,Cc1cccc(NS(=O)(=O)c2cccc(C(=O)N3CC(C)OC(C)C3)c2)c1,0.16030534351145037,1.0,0.1937
78,Cc1ccccc1CCN1CCCC(CN(C)C(=O)C(=O)c2ccco2)C1,0.203125,1.0,0.1937
79,Cc1ccccc1COc1ccc2c(c1)C1(C)CCCC(C)(C(=O)O)C1CC2,0.2,0.1353352832366127,0.1937
80,CN(C)S(=O)(=O)N1CCC(c2ccc(CN(CC(F)(F)F)S(=O)(=O)Cc3ccccc3)c(F)c2)CC1,0.1437908496732026,1.0,0.1937
81,CC(C)C(NS(=O)(=O)c1cnccc1NC(CO)Cc1ccccc1)C(=O)N1CCC(CCF)CC1,0.15584415584415584,1.0,0.1937
82,CN(CC(=O)Nc1ccccc1Cl)C(=O)C1CCN(C(=O)c2ccc(F)cc2)CC1,0.20149253731343283,1.0,0.1937
83,S=C(Nc1ccc(Br)cc1Cl)NC1CCN(Cc2ccccc2)CC1,0.15503875968992248,1.0,0.1937
84,CC(C)NS(=O)(=O)c1ccc(NC2CCN(CC(O)=Nc3ccccc3)CC2)c([N+](=O)O)c1,0.14189189189189189,1.0,0.1937
85,O=S(=O)(CCC1CCNCC1)c1ccccc1-c1cccc(Cl)c1,0.1774193548387097,1.0,0.1937
86,O=C(O)COc1c(C(=O)O)sc(-c2cccc(NC3CCN(S(=O)(=O)Cc4ccccc4)CC3)c2)c1Cl,0.1830065359477124,0.1353352832366127,0.1937
87,CS(=O)(=O)CCC(C(=O)Nc1cccc(C(F)(F)F)c1)N1Cc2ccccc2C1=O,0.16058394160583941,1.0,0.1937
88,Cc1cccc2c1C(c1ccccc1)CN(C)C2,0.16216216216216217,1.0,0.1937
89,Cc1ccccc1NC(=O)C1CC(=O)N(Cc2ccccc2)C1,0.18181818181818182,1.0,0.1937
90,CN(CC(=O)Nc1ccccc1C(F)(F)F)C(=O)CN1C(=O)C2CCCCC2C1=O,0.17777777777777778,1.0,0.1937
91,CN(C(=O)CSc1nnc(COc2ccccc2F)n1N)C1CCS(=O)(=O)C1,0.19230769230769232,1.0,0.1937
92,COc1ccccc1NC(=O)CCN1C(=O)C2CC=CCC2C1=O,0.19834710743801653,1.0,0.1937
93,Cc1cc(=O)n(C(=O)C2CCc3ccccc3C2)o1,0.19090909090909092,1.0,0.1937
94,C=C=C(CC1CCCCC1=O)S(=O)(=O)c1ccccc1,0.14655172413793102,0.1353352832366127,0.1937
95,CN(Cc1ccco1)C(=O)C1CCC(=O)N(CCc2cccc(F)c2)C1,0.16153846153846155,1.0,0.1937
96,O=C(CSC1=NCCS1)Nc1cccc2ccccc12,0.15254237288135594,1.0,0.1937
97,CC(NC(=O)CO)c1ccc(OC2CCN(c3cccc(C(F)(F)F)n3)C2)cc1,0.12857142857142856,1.0,0.1937
98,O=C(C=Cc1ccccc1)N(Cc1cccs1)C1CCS(=O)(=O)C1,0.140625,1.0,0.1937
99,O=C(Cc1cccs1)N1CCN=C1SCc1cccc(F)c1,0.13709677419354838,1.0,0.1937
100,COc1cccc(OC)c1OC(=O)C1CNCCN1Cc1ccccc1,0.20634920634920634,1.0,0.1937
101,Cc1cccc2c1N(C(=O)CSc1ncccc1C(F)(F)F)CCC2,0.1484375,1.0,0.1937
102,O=C(c1ccccc1Oc1ccc(C(F)(F)F)cc1[N+](=O)[O-])N1CCOCC1,0.14814814814814814,1.0,0.1937
103,NC(CC(=O)N1CCSC1)Cc1ccccc1C(F)(F)F,0.15384615384615385,0.1353352832366127,0.1937
104,COC(=O)C1=C(c2ccc(OCc3ccccc3)c(F)c2)CC2CCC1N2C,0.256,0.1353352832366127,0.1937
105,CC(C)c1cccc(C(C)C)c1OC(=O)NS(=O)(=O)N1CCc2ccccc21,0.17557251908396945,1.0,0.1937
106,CC(C(=O)Nc1ccc(C#N)cc1)N1CCc2ccccc21,0.14754098360655737,1.0,0.1937
107,CC(C)(C)NC(=O)C1Cc2ccccc2CN1C(=O)Nc1cccc(Cl)c1,0.20634920634920634,1.0,0.1937
108,NC(Cc1ccccc1)C(=O)NC1CCC(=O)N(CC(=O)Nc2cccc(Cl)c2)C1=O,0.19708029197080293,1.0,0.1937
109,CC(=O)c1cccc(NC(=O)C2COc3ccccc3O2)c1,0.1864406779661017,1.0,0.1937
110,NC(=O)C1CCCN1Cc1cccc(NC(=O)c2cccs2)c1,0.16260162601626016,1.0,0.1937
111,O=C(CNc1cccc(Br)c1)Nc1ccccc1C(=O)O,0.1826086956521739,0.1353352832366127,0.1937
112,Cc1cccc(OC(C)C(=O)NC2CCS(=O)(=O)C2)c1C,0.16521739130434782,0.1353352832366127,0.1937
113,Cc1cc(OCCCC(=O)NC2(C(N)=O)Cc3ccccc3C2)ccc1Cl,0.2644628099173554,1.0,0.1532
114,CCCN1CCc2cccc3c2C1Cc1ccccc1-3,0.1724137931034483,0.1353352832366127,0.1532
115,C=C(C)C(=O)Nc1cccc(C2=NOC3(C2)CC(C(N)=O)N(C(=O)c2ccccc2)C3)c1,0.1597222222222222,0.1353352832366127,0.1532
116,O=C(CN(Cc1ccccc1)CC1CCOCC1)Nc1nccs1,0.14728682170542637,1.0,0.1532
117,CN(CCc1ccccn1)C(=O)C1Cc2ccccc2CN1C,0.1721311475409836,1.0,0.1532
118,Cc1ccc2c(c1)N(CC(=O)NCC1COc3ccccc3O1)C(=O)CO2,0.19230769230769232,0.1353352832366127,0.1532
119,Cc1cccnc1NC(=O)c1cccc(S(=O)(=O)N2CCCC2)c1,0.14173228346456693,1.0,0.1532
120,O=C(CCC1CCN(Cc2ccncc2)CC1)Nc1ccccc1Cl,0.19047619047619047,1.0,0.1532
121,O=C(c1cc(COc2cccc3cnccc23)on1)N1CCCC(CCCO)C1,0.15714285714285714,0.1353352832366127,0.1532
122,O=C(CSc1nccn1Cc1ccccc1)NC1CCCC1,0.14516129032258066,1.0,0.1532
123,O=C(NC(CC1=CCCCC1)c1ccc2ccccc2c1)C(F)(F)F,0.13846153846153847,1.0,0.1532
124,[H]c1ccc(N2CCN(CC(=O)Nc3c([H])cc([H])c(C)c3[H])CC2)c(C#N)c1,0.15503875968992248,1.0,0.1532
125,CN1CCC(Oc2ccccc2Cc2ccc(Cl)cc2)CC1,0.1652892561983471,1.0,0.1532
126,CC1CCCN1CCc1ccc2ccccc2c1,0.1504424778761062,1.0,0.1532
127,Cc1cncc(NC(=O)c2ccc(CN3CCC(O)C3)cc2)c1,0.1349206349206349,1.0,0.1532
128,NC(=O)COc1ccccc1NC(=O)NC1CCN(Cc2ccc3cc(F)ccc3c2)C1,0.19014084507042253,0.1353352832366127,0.1532
129,CC(=O)N1c2ccccc2CC1C(=O)N1CCN(c2cccc(Cl)c2)CC1,0.18461538461538463,0.1353352832366127,0.1532
130,COc1ccc(C2CCCN2C(=O)c2cccs2)cc1,0.1440677966101695,1.0,0.1532
131,Cc1ccccc1C1CC(c2cccs2)=NN1S(C)(=O)=O,0.19298245614035087,1.0,0.1532
132,O=C(CCC1CC(=O)Nc2ccccc21)NCc1cccnc1,0.22033898305084745,1.0,0.1532
133,O=C(CN1N=C(c2ccccc2)CCC1=O)NCc1cccs1,0.16129032258064516,1.0,0.1532
134,CCNC1CC(Oc2ccccc2C)c2ccccc21,0.20535714285714285,1.0,0.1532
135,Cc1ccccc1CNC(=O)c1cncc(N2CC3CNCC3C2)c1,0.171875,0.1353352832366127,0.1532
136,Cc1ccccc1Oc1ccc(OCCSC#N)cc1,0.18421052631578946,0.1353352832366127,0.1532
137,Cc1nccc(CNC(=O)N(CCCO)C2CCc3ccccc32)n1,0.21138211382113822,1.0,0.1532
138,CCCCOc1cc(NC(=O)NC2CCc3ccccc32)ccc1OC,0.256198347107438,1.0,0.1532
139,CN(CCC#N)C(=O)CN(C1CC1)C1CCc2ccccc21,0.18803418803418803,1.0,0.1532
140,CC(C)CC1NCCc2ccccc21,0.19387755102040816,0.1353352832366127,0.1532
141,COC(=O)C1CCN(C(=NO)c2cccnc2Oc2ccccc2OC)CC1,0.1984732824427481,1.0,0.1532
142,COC(C(=O)N1CCC(CCC(=O)Nc2ccccc2)CC1)c1ccccc1,0.1791044776119403,1.0,0.1532
143,COc1ccccc1NC(=O)N1CCC(c2nc3ccccc3o2)CC1,0.16793893129770993,0.1353352832366127,0.1532
144,CC1CCCCN1C(=O)C(CCCN=C(N)N)NS(=O)(=O)c1cccc2c(N(C)C)cccc12,0.17123287671232876,1.0,0.1532
145,COc1ccccc1N(C(=O)C(C)OC)C1CCN(CCc2ccccc2)CC1C,0.18248175182481752,1.0,0.1532
146,CC(=O)c1ccc(S(=O)(=O)N2CCCC(N(C)CCc3ccccc3)C2)cc1,0.16417910447761194,1.0,0.1532
147,CN(C(=O)CCCOc1ccc2c(c1)CN1C(=N2)NC(=O)C1Cc1ccccc1)C1CCCCC1,0.20134228187919462,0.00033546262790251185,0.1532
148,O=C(NC(=Cc1ccc(Br)cc1)C(=O)N1CCOCC1)c1cccs1,0.12030075187969924,1.0,0.1532
149,CS(=O)(=O)N1CCC(NC(c2cccnc2)c2ccc(Cl)cc2F)CC1,0.12781954887218044,1.0,0.1532
150,CN(C)C(C(=O)NCC1(Cn2cccn2)CC1)c1ccc(F)cc1,0.125,1.0,0.1532
151,CC(C)N(CC(=O)Nc1cccc(C(=O)N(C)C)c1)C1CC1,0.1724137931034483,0.1353352832366127,0.1532
152,CC1(C)CC(NC(=O)Nc2ccccc2)c2cc(F)ccc2O1,0.17355371900826447,1.0,0.1532
153,Cc1ccc(NC(=O)C2C(=O)N(CCO)C3(C)CC2c2ccccc2O3)cc1,0.20930232558139536,0.1353352832366127,0.1532
154,O=C(Nc1cc(Cl)cc(Cl)c1)C(NCC1CCCO1)c1ccccc1,0.1640625,1.0,0.1532
155,CCCC1=[N+](CC(=O)c2ccccc2)CCn2cccc21,0.1794871794871795,1.0,0.1532
156,O=C(CN1CCOCC1)n1c2ccccc2c2ccccc21,0.14516129032258066,0.1353352832366127,0.1532
157,CC(NC(=O)N(Cc1ccccc1)Cc1ccc2c(c1)OCO2)(C(F)(F)F)C(F)(F)F,0.14084507042253522,1.0,0.1532
158,O=C(COC(=O)C1CCCN1C(=O)c1cccs1)NCCc1ccccc1,0.183206106870229,1.0,0.1532
159,CC(O)(COc1ccccc1)C(=O)N1CCc2c(C#N)cccc21,0.16,1.0,0.1532
160,C=CC(=O)NCCC1CC(c2ccccc2)Cc2ccc(OC)cc21,0.192,1.0,0.1532
161,COCCCNC=C1C(=O)CC(c2ccccc2)CC1=O,0.21238938053097345,0.1353352832366127,0.1532
162,COc1cccc(NS(=O)(=O)c2ccc3c(c2)CCCN3C(C)=O)c1,0.15748031496062992,1.0,0.1532
163,COc1ccc(C=CC(=O)NCCC2CCN(Cc3ccccc3)CC2)c(OC)c1,0.18840579710144928,1.0,0.1532
164,O=C(NC1CCc2ccccc21)c1nc(-c2cccs2)nc(O)c1O,0.1732283464566929,0.1353352832366127,0.1532
165,COc1cccc(CNC(=O)CCSCc2ccccc2F)c1,0.20168067226890757,0.1353352832366127,0.1532
166,Cc1ccc(S(=O)(=O)N2CCCC2CNC(=O)C(=O)NCc2ccccn2)cc1,0.16911764705882354,1.0,0.1532
167,N#Cc1cccn1CCC(NS(=O)(=O)c1cccc2[nH]ccc12)C(=O)N1CCC(C(F)(F)F)CC1,0.12903225806451613,0.1353352832366127,0.1532
168,Nc1ncc(-c2ccccc2)n1CC1CCCO1,0.14035087719298245,1.0,0.1532
169,CCSC1=NCCN1S(=O)(=O)c1ccc2ccccc2c1,0.16101694915254236,1.0,0.1532
170,CC(C)N(C)S(=O)(=O)c1ccc2c(c1)CCN(C(=O)c1cnccn1)C2,0.12878787878787878,1.0,0.1532
171,CC(=N)C(C#N)=C(O)COC(=O)C1Cc2ccccc2CN1S(C)(=O)=O,0.18548387096774194,0.1353352832366127,0.1532
172,c1ccc(-c2nc(CNCC3CCCN3c3cccnn3)co2)cc1,0.1259259259259259,0.1353352832366127,0.1532
173,Cc1ccc(Nc2ccc(C(=O)N3CCCC3)cn2)c(C)c1,0.13821138211382114,1.0,0.1532
174,CC(C)CNC(=O)c1ccc(Br)c(S(=O)(=O)N(C)Cc2ccccc2)c1,0.184,0.1353352832366127,0.1532
175,CCC1CCC(C(=O)Nc2ccc(S(=O)(=O)Nc3nccs3)cc2)CC1,0.12686567164179105,1.0,0.1532
176,O=C(Nc1ncc(F)s1)C(c1ccc(Cl)cc1)C1CC1,0.13675213675213677,1.0,0.1532
177,NC(=O)C1CCN(CCc2ccc(NCc3ccsc3)cc2)CC1,0.13076923076923078,1.0,0.1532
178,COc1ccc(-c2ccncc2)cc1S(=O)(=O)NC1CCCC1,0.12598425196850394,1.0,0.1532
179,CC1=NCCN1CCNC(=O)Nc1ccc(F)cc1,0.1391304347826087,0.1353352832366127,0.1532
180,NC1CN(c2ccccc2)C(=O)CC1c1ccccc1Cl,0.21238938053097345,1.0,0.1532
181,COc1ccc(N2CC(NC(=O)Cc3cccs3)CC2=O)cc1,0.16260162601626016,1.0,0.1532
182,NC1CN(c2ccccn2)CC1c1ccc(Cl)cc1Cl,0.16521739130434782,1.0,0.1532
183,NS(=O)(=O)NCC1CCN(c2cc(-c3ccccc3Cl)ncn2)CC1,0.184,1.0,0.1532
184,O=C(Nc1ccn(-c2ccccc2F)n1)C1CCC(Oc2cc(Cl)ccn2)CC1,0.15827338129496402,0.1353352832366127,0.1532
185,CS(=O)(=O)Nc1cccc2c1CCC2c1ncc[nH]1,0.1592920353982301,1.0,0.1532
186,CCOC(=O)c1cnc2n(c1=O)C(C)CCC2=NNc1ccccc1,0.2542372881355932,1.0,0.1532
187,CC1CCCC1=NN=C1SCC(=O)N1Cc1ccccc1,0.15,1.0,0.1532
188,COc1ccccc1N1C(=O)C2CC=CC(C)C2C1=O,0.1875,1.0,0.1532
189,O=C(OC1CCCc2ncccc21)n1ccnc1,0.13043478260869565,1.0,0.1532
190,O=C1CCC2C(CCN2c2ncc(F)cn2)N1c1ccccc1,0.125,0.1353352832366127,0.1532
191,O=C1C2CC=CCC2C(=O)N1Cc1ccccc1Cl,0.2018348623853211,1.0,0.1532
192,O=C1CCCC(=O)C1C(=O)c1ccccc1Cl,0.22772277227722773,0.1353352832366127,0.1532
193,CC1(Oc2cccnc2Cl)CCN(Cc2ccc(OC(F)(F)F)cc2)C1,0.12781954887218044,1.0,0.1532
194,CN(C)Cc1ccc(C2CCCCN2C(=O)c2ncccc2O)cc1,0.13846153846153847,1.0,0.1532
195,O=C1NCCN(c2ncccc2-c2cccs2)N1,0.1206896551724138,1.0,0.1532
196,COc1cccc(OC)c1-c1cccc2c1CCC(N)C2,0.1810344827586207,1.0,0.1532
197,COc1ccc(CC2c3cccc(Cl)c3CCN2C)cc1OC,0.23478260869565218,1.0,0.1532
198,CCCNC(=O)N1CCc2cc(OC)c(OC)cc2C1c1ccccc1,0.23770491803278687,1.0,0.1532
199,COc1ccc(C2SCCN2C(=O)COc2ccccc2)cc1Cl,0.21666666666666667,1.0,0.1532
