BO Iteration,Selected SMILES by EI,f1,f2,f3,Hypervolume
0,COC(=O)C(C)Oc1ccc(C(=O)C=Cc2c[nH]c3ccccc23)cc1,0.09681430661604525,0.18138801261829654,0.9999907550427348,0.00043312533458754747
1,COc1ccccc1N(C)S(=O)(=O)c1ccc(C(=O)OCC(=O)N2CCCCCC2)cc1,1.0,0.2787900874635569,1.0,0.0008464129105109513
2,O=C(OCC(=O)c1ccc[nH]1)c1ccc(S(=O)(=O)N2CCCCC2)cc1,1.0,0.20700636942675157,1.0,0.0008464129105109513
3,CS(=O)(=O)N1CCc2cc(C(=O)OCC(=O)c3ccccc3)ccc21,0.6519336408973453,0.16929133858267717,1.0,0.0008464129105109513
4,COc1ccccc1CNC(=O)COC(=O)c1ccc(C(=O)c2ccccc2)cc1,0.7086099818001761,0.22590361445783133,1.0,0.0008464129105109513
5,COC(=O)c1ccc(NC(=O)COc2ccc(N(C)S(=O)(=O)c3ccc(C)cc3)cc2)cc1,1.0,0.1872399445214979,1.0,0.0008464129105109513
6,Cc1ccc(C)c(NC(=O)COC(=O)c2ccc(S(=O)(=O)N3CCCC3)cc2)c1,1.0,0.19473293768545993,1.0,0.0008464129105109513
7,COC(=O)c1ccc(-n2c(C)cc(C(=O)COc3ccc(OC(C)=O)cc3)c2C)cc1,0.8266742955879433,0.1558219178082192,0.9977082762178978,0.0008464129105109513
8,COc1cccc(CNC(=O)COC(=O)c2ccc(S(C)(=O)=O)c([N+](=O)[O-])c2)c1,1.0,0.16351744186046513,1.0,0.0008464129105109513
9,COc1ccc(NC(=O)COC(=O)CNS(=O)(=O)c2ccc(C)cc2)c(OC)c1,1.0,0.15328467153284672,1.0,0.0008464129105109513
10,COc1ccc(C=C2CC(CO)(COC(=O)c3ccc([N+](=O)[O-])cc3)OC2=O)cc1,1.0,0.22314949201741655,1.0,0.0008464129105109513
11,COc1ccc(C=C(NC(=O)c2ccc(C)cc2)C(=O)N2CCCCC2)cc1,0.0073192457202498175,0.32659409020217733,1.0,0.0008906327272390284
12,CCN(c1ccccc1)S(=O)(=O)c1ccc(Cl)c(NC(=O)COC(=O)c2ccc(Cl)c(N)c2)c1,1.0,0.1724137931034483,0.8420853997514558,0.03634421034960137
13,COC(=O)c1ccc(S(=O)(=O)N(CCC(F)(F)F)c2sc3ccccc3c2C)cc1,0.03131331100854413,0.1712779973649539,0.5197585614153862,0.11052806919083641
14,N=C(N)c1ccc(O)c(OCC(=O)Nc2ccc(-c3ccccc3S(N)(=O)=O)cc2)c1,1.0,0.1853813559322034,1.0,0.11052806919083641
15,N#CCC(=O)Nc1ccc(C(=O)OCC(=O)c2c[nH]c3ccccc23)cc1,1.0,0.16552511415525112,1.0,0.11052806919083641
16,O=C(COc1ccccc1C(=O)O)Nc1nc2ccc([N+](=O)[O-])cc2s1,1.0,0.14817629179331307,1.0,0.11052806919083641
17,COc1cc(C(=O)Nc2ccc(C(N)=O)cc2)c([N+](=O)[O-])cc1OC,1.0,0.13533834586466165,1.0,0.11052806919083641
18,NC(=O)c1cn(-c2ccc(S(N)(=O)=O)cc2)nc1-c1ccc([N+](=O)[O-])cc1,1.0,0.1414756446991404,1.0,0.11052806919083641
19,Cc1ccccc1NC(=O)C(=O)CC(=O)c1ccc([N+](=O)[O-])cc1,1.0,0.151033386327504,1.0,0.11052806919083641
20,Cc1ccc(C(=O)Nc2cc(Cl)ccc2OCC(=O)Nc2ccc(S(N)(=O)=O)cc2C)cc1C,1.0,0.14556962025316456,0.9834919504326396,0.11052806919083641
21,CC(C)C(NC(=O)COc1cccc2ccccc12)C(=O)NC(CC(=O)O)C(=O)COc1ccc(C(N)=O)cc1,1.0,0.2020348837209302,1.0,0.11052806919083641
22,Cc1csc(=O)n1CC(=O)OCC(=O)Nc1ccc(C(N)=O)cc1,1.0,0.11220472440944881,1.0,0.11196824395198121
23,CCC(C)c1ccccc1NC(=O)COC(=O)c1ccc2c(c1)S(=O)(=O)c1ccccc1C2=O,1.0,0.20261437908496732,0.9328695366620918,0.11196824395198121
24,O=C(COC(=O)c1ccc2ccccc2n1)Nc1ccccc1Br,0.09473985613614333,0.1585072231139647,1.0,0.11196824395198121
25,CC(=O)Oc1ccc(C(=O)OCC2=C(C(=O)O)N3C(=O)C(NC(=O)CSc4cc(Cl)ccc4Cl)C3SC2)cc1,1.0,0.18195266272189348,1.0,0.11196824395198121
26,CN(c1ccsc1C(=O)NC(CCCNC(=N)N)C(=O)O)S(=O)(=O)c1ccc([N+](=O)[O-])cc1,1.0,0.1864461738002594,1.0,0.11196824395198121
27,CC(C(=O)NO)N(Cc1ccccc1[N+](=O)[O-])C(=O)NS(=O)(=O)c1ccc(Cl)cc1,1.0,0.13427109974424553,1.0,0.11196824395198121
28,O=C(COC(=O)c1ccc(Cl)nc1)NCCNC(=O)COC(=O)c1ccc(Cl)nc1,1.0,0.13177159590043924,1.0,0.11196824395198121
29,O=C(O)CN(CC(=O)NC(Cc1ccc(OCc2c(Cl)cccc2Cl)cc1)C(=O)O)S(=O)(=O)c1cccs1,1.0,0.22194821208384707,1.0,0.11196824395198121
30,CN(Cc1ccccc1)S(=O)(=O)NC(CNC(=O)CC1CC(c2ccc(C(=N)N)cc2)=NO1)C(=O)O,1.0,0.19626769626769627,1.0,0.11196824395198121
31,COc1ccc(OC)c(C(=O)CCC(=O)NC(Cc2ccccc2)C(=O)C(N)=O)c1,1.0,0.19393511988716503,1.0,0.11196824395198121
32,COc1cccc(OC)c1-c1ccc(CC(NC(=O)C2(S(=O)(=O)c3ccccc3)CCCCC2)C(=O)O)cc1,1.0,0.3271604938271605,0.8045516405410535,0.12800206088978588
33,N=C(N)c1cccc(CC(NS(=O)(=O)c2ccc3ccccc3c2)C(=O)C(=O)O)c1,1.0,0.1804812834224599,1.0,0.12800206088978588
34,O=C(O)C(Cc1ccc(-c2ccccc2)cc1)NC(=O)C1CCCN1S(=O)(=O)c1cc(Cl)cc(Cl)c1,1.0,0.2821011673151751,0.8222690056345846,0.12806029512699013
35,CSCCC(NC(=O)c1ccc(CS(=O)(=O)c2cccnc2)cc1-c1ccccc1)C(=O)O,1.0,0.25459921156373194,1.0,0.12806029512699013
36,Nc1nc2[nH]cc(Cc3ccc(C(=O)NC(CCC(=O)O)C(=O)O)cc3)c2c(=O)[nH]1,1.0,0.178826895565093,1.0,0.12806029512699013
37,NC(=O)C(CO)NC(=O)C(CCC(=O)O)NC(=O)CCc1ccc(-c2ccccc2)cc1,1.0,0.28042521994134895,1.0,0.12834878177495218
38,CCC(C)C(NC(=O)c1ccc(-c2ccccc2)cc1)C(=O)NC(C(=O)NC(CCC(N)=O)C(=O)O)C(C)C,1.0,0.20254629629629628,1.0,0.12834878177495218
39,O=C(O)CC(NC(=O)C(CCCCNS(=O)(=O)c1ccc(O)c(C(=O)O)c1)c1ccccc1)C(=O)c1ncc(-c2c(Cl)cccc2Cl)o1,1.0,0.24665981500513873,0.5299013085808778,0.12834878177495218
40,NS(=O)(=O)c1ccc(NC(=O)NC(Cc2ccccc2)C(=O)O)cc1,1.0,0.15163297045101087,1.0,0.12834878177495218
41,O=C(O)CCC(=O)NC(CC(=O)O)Cc1ccc(-c2cccc(F)c2)cc1,1.0,0.25437201907790147,1.0,0.12834878177495218
42,CCN1C(=O)N(CC(=O)NC(CC(=O)O)c2ccccc2)C(=O)C1(C)c1ccc(C(=N)N)cc1,1.0,0.25418275418275416,1.0,0.12834878177495218
43,N=C(N)c1ccc(C2(Cc3ccccc3)NC(=O)N(CC(=O)NC(CC(=O)O)C(=O)NC(C(=O)O)c3ccccc3)C2=O)cc1,1.0,0.2616580310880829,1.0,0.12834878177495218
44,CSCCC(NC(=O)CN1C(=O)C(N(C)C(=O)C(N)CS)N=C(c2ccccc2)c2ccccc21)C(=O)O,1.0,0.25837988826815644,1.0,0.12834878177495218
45,CC(=O)NC(CCC(N)=O)C(=O)NC(CC(=O)Nc1ccc2c(c1)C(=O)C(=O)c1ccccc1-2)C(=O)O,1.0,0.20097442143727162,1.0,0.12834878177495218
46,O=C(CCn1c2c(c(=O)[nH]c1=O)CSCC2)NCC(=O)c1ccc(-c2ccccc2)cc1,1.0,0.22353361945636624,1.0,0.12834878177495218
47,CC(=O)CC(c1ccccc1)c1c(SCC(NC(C)=O)C(=O)O)c2ccccc2oc1=O,1.0,0.1957459926017263,1.0,0.12834878177495218
48,CC(=O)NC(Cc1ccc(OP(=O)(O)O)cc1)C(=O)NC1CSCCN(Cc2cccc(-c3ccccc3C#N)c2)C1=O,1.0,0.30028735632183906,1.0,0.13217291423475494
49,COc1ccc(Cn2ccc(C)c(NC(=O)C(Cc3ccc(CC(=O)O)cc3)NC(C)=O)c2=O)cc1,1.0,0.203955500618047,1.0,0.13217291423475494
50,CCOC(=O)c1c(-c2ccc(OC)cc2)nc(=O)n(Cc2ccc(C(=O)C=C(O)C(=O)OC(C)C)cc2)c1C(C)C,1.0,0.1699029126213592,0.7006504752972339,0.13217291423475494
51,O=C(CNC(=O)c1ccc(N2C(=O)c3ccccc3C2=O)cc1)OCC(=O)c1ccccc1,1.0,0.2048611111111111,1.0,0.13217291423475494
52,NCCCCC(NC(=O)C(Cc1ccc(-c2cccc(N)c2)cc1)NC(=O)OCc1ccccc1)C(N)=O,1.0,0.24815043156596794,1.0,0.13217291423475494
53,CC(=O)NC(Cc1ccc(O)cc1)C(=O)NC(Cc1ccccc1)C(=O)NC(CCCNC(=N)N)C(=O)COC(=O)c1c(C)cccc1C,1.0,0.2376930501930502,1.0,0.13217291423475494
54,CC(Cc1ccc(-c2ccccc2)cc1)SC(=O)C(C)NC(=O)Cc1ccc(O)cc1,0.061741436083429156,0.23845007451564829,0.608107635872116,0.13217291423475494
55,COC(=O)c1c(O)cccc1OCCCCNC(=O)C(Cc1ccc(NC(=O)C(=O)O)cc1)NC(C)=O,1.0,0.2775862068965517,1.0,0.13217291423475494
56,CCCC(=O)NC(C(=O)NCCS(N)(=O)=O)c1nc2ccc(-c3ccc(C(=O)N4CCOCC4)cc3)cc2s1,1.0,0.24637243047158405,1.0,0.13217291423475494
57,COc1cccc(OC)c1-c1cc(C(=O)NC(CCCCN)C(=O)O)nn1-c1ccc(F)cc1,1.0,0.2037712895377129,1.0,0.13217291423475494
58,C#CCN(Cc1ccc2nc[nH]c(=O)c2c1)c1ccc(C(=O)NC(CCC(=O)O)C(=O)O)c(F)c1,1.0,0.20674300254452926,1.0,0.13217291423475494
59,Cc1ccc(F)c(NC(=O)Nc2ccc(Oc3ccnc(-c4cc(C(=O)NC(CCC(=O)O)C(=O)O)c[nH]4)c3)cc2)c1,1.0,0.18292682926829268,0.6014844408202318,0.13217291423475494
60,COP(=O)(F)CC(=O)NC(CCCCNS(=O)(=O)c1ccc2ccc3cccc4ccc1c2c34)C(N)=O,1.0,0.2653997378768021,1.0,0.13217291423475494
61,NC(=O)NCCCC(NC(=O)COCC(c1ccccc1)c1ccccc1)C(=O)O,1.0,0.2933282208588957,1.0,0.13217291423475494
62,CN(Cc1cnc2nc(N)nc(N)c2n1)c1ccc(C(=O)NC(CCCNC(=O)c2ccc(Cl)cc2)C(=O)O)cc1,1.0,0.2184466019417476,1.0,0.13217291423475494
63,CCCCC(N)C(=O)Nc1cc(C(=O)NC(Cc2c[nH]c3ccccc23)C(=O)O)ccc1N,1.0,0.20833333333333331,1.0,0.13217291423475494
64,CC(=O)c1ccc(S(=O)(=O)NCCC(=O)OCC(=O)NCCc2ccccc2)cc1,1.0,0.19419306184012067,1.0,0.13217291423475494
65,CCNc1ccc(-c2ccc(C(=O)NC(CC(C)C)C(N)=O)cc2C(=O)O)c(C(=O)Nc2cccc(C(N)=O)c2)c1,1.0,0.1983493077742279,1.0,0.13217291423475494
66,CC(NC(=O)c1cc(OCC(=O)NCCCCCN)cc(OS(=O)(=O)Cc2ccccc2)c1)c1ccccc1,1.0,0.234375,1.0,0.13217291423475494
67,O=C(O)CC(NC(=O)OCc1ccccc1)C(=O)COC(=O)CC(c1ccccc1)c1ccccn1,1.0,0.2680921052631579,1.0,0.13217291423475494
68,CCOP(=O)(O)NC(C(=O)NC(Cc1ccc(OCC(=O)N(Cc2ccccc2)Cc2ccccc2)cc1)C(=O)NCC(=O)O)C(C)CC,1.0,0.23046092184368736,1.0,0.13217291423475494
69,C=CCOC(=O)N1CCN(C(=O)C(CCC(=O)O)NC(=O)c2cc(OCCO)cc(-c3ccccc3)n2)CC1,1.0,0.27911164465786314,1.0,0.13217291423475494
70,N=C(N)N1CCCC(NC(=O)CNC(=O)C(CCNC(=O)c2cncc(Br)c2)NC(=O)OCc2ccccc2)C1O,1.0,0.19813519813519812,1.0,0.13217291423475494
71,CC(C)CC(NC(=O)C=Cc1ccc(OP(=O)(O)O)cc1)C(=O)N1CCCC1C(=O)NC(COCc1ccccc1)COC(N)=O,1.0,0.2451508620689655,1.0,0.13217291423475494
72,CCCN(C(=O)NC(CSCc1ccccc1)C(=O)O)C(=O)c1cccc(-c2ccccc2Cl)c1,0.9473179478111643,0.30287817938420347,0.1478148828004396,0.23858722877308775
73,N=C(N)c1ccc(C(=O)NCC(=O)N2CCN(CC(=O)O)C(=O)C2CC(=O)O)cc1,1.0,0.21669054441260743,1.0,0.23858722877308775
74,CC(=O)c1cc(CNC(=O)c2ccc(OP(=O)(O)O)cc2)ccc1OCC1CCCCC1,1.0,0.3021771771771772,0.9692816779639949,0.23889626047702045
75,CC(=O)c1ccc(N(C(=O)CNC(=O)c2ccco2)C(C(=O)NC2CCCC2)c2ccncc2)cc1,1.0,0.2918170878459687,1.0,0.23889626047702045
76,O=C(C=Cc1ccccc1)NC(COC(=O)c1cc([N+](=O)[O-])cc([N+](=O)[O-])c1)C(=O)NC1CCCCC1,1.0,0.2615914786967418,1.0,0.23889626047702045
77,NC(=O)CCC(NC(=O)C(Cc1ccccc1)NC(=O)CNC(=O)CCc1ccccc1)C(=O)NC1CCCCC1,1.0,0.22468714448236632,1.0,0.23889626047702045
78,COc1cc(C(=O)NS(=O)(=O)c2ccccc2C)ccc1Cn1cc(CCC(=O)N2CCC(C)(C)CC2)c2ccc(C(=O)NCC3CCCC3)cc21,1.0,0.282258064516129,0.03176774998533604,0.27209772834076773
79,CC(C)C(NC(=O)C(CC(=O)O)NC(=O)CNC(=O)Cc1ccc(C(=N)N)cc1)C(=O)O,1.0,0.16112618724559022,1.0,0.27209772834076773
80,CCOc1ccc(NC(=O)N2CCC(NC(=O)C(Cc3ccccc3OC)NC(C)=O)CC2)cc1,1.0,0.2751031636863824,1.0,0.27209772834076773
81,CC(C)(C)C(=O)COc1cc(C(=O)NC(CC(=O)O)c2ccc(Cl)cc2Cl)nn1-c1ccccc1F,1.0,0.17711962833914052,0.453263339047884,0.27209772834076773
82,COC(=O)C(Cc1ccc(OP(=O)(Oc2ccc(CC(NC(C)=O)C(=O)OC)cc2)C2CCCN2C(=O)C2CCCN2)cc1)NC(C)=O,1.0,0.22807459677419356,1.0,0.27209772834076773
83,CC(C)(C)c1ccc(COc2ccc(C(NC(=O)C(CCCCN)NC(=O)C(CCCNC(=N)N)NC(=O)c3cc4sccc4s3)C(N)=O)cc2)cc1,1.0,0.2412072243346008,0.9876625852677183,0.27209772834076773
84,CSCCC(NC(=O)C1CCCN1C(=O)C(NC(=O)C(Cc1ccc(C(F)(F)P(=O)(O)O)cc1)NC(C)=O)C(C)C)C(N)=O,1.0,0.17311608961303462,1.0,0.27209772834076773
85,CC(C)CC(NC(=O)C(Cc1ccccc1)NC(=O)CC(NC(=O)c1ccc(C#N)cc1)c1ccccc1)C(=O)C1(C)CO1,1.0,0.2411825726141079,0.9993565199221627,0.27209772834076773
86,CC(C)CC(NC(=O)C(CC(C)C)NOC(=O)CN(C(=O)OCc1ccccc1)P(=O)(O)O)C(=O)O,1.0,0.14120095124851367,1.0,0.27209772834076773
87,CCCC1C(=O)N(C(Cc2ccc3ccccc3c2)C(=O)NC)CCN1C(=O)C(Cc1ccc(F)cc1)NC(=O)C1CCCCN1,1.0,0.29020100502512564,1.0,0.27209772834076773
88,CCN1CCN(C(=O)NC(C(=O)NC2CN3CC(C#N)=C(C(=O)O)N3C2=O)c2ccccc2)C(=O)C1=O,1.0,0.1820250284414107,1.0,0.27209772834076773
89,NC(=O)NCCNC(=O)C1CNC(=O)NCCCCC(NC(=O)C(N)Cc2ccc(O)cc2)C(=O)NC(Cc2ccccc2)C(=O)N1,1.0,0.19693396226415094,1.0,0.27209772834076773
90,CCOc1ccc(CC(NC(=O)c2cccc(N)c2Cl)C(O)C(=O)N2CCC(C)(C)C2C(=O)NCc2c(C)cccc2C)cc1,1.0,0.24949596774193547,0.843593573123273,0.27209772834076773
91,CCOC(=O)C=CC(CC1CCNC1=O)NC(=O)C(Cc1ccc(F)cc1)OC(=O)C(NC(=O)c1cc(C)on1)C(C)C,1.0,0.16591816367265472,1.0,0.27209772834076773
92,CCOC(=O)C(Cc1ccc(O)cc1)NC(=O)C1(NC(=O)C(SC(=O)c2ccccn2)C(C)C)CCCC1,1.0,0.24912075029308323,1.0,0.27209772834076773
93,CCOC(=O)C(Cc1ccc(NC(=O)c2c(Cl)cncc2Cl)cc1)NC(=O)C1CC(NC2CCC2)CN1S(=O)(=O)c1cccc(C#N)c1,1.0,0.23838932806324112,0.9970644061070623,0.27209772834076773
94,O=C(NC1CNCCCC1OC(=O)c1cc(O)c(C(=O)c2ncccc2C(=O)O)c(O)c1)c1ccc(O)cc1,1.0,0.24851190476190474,1.0,0.27209772834076773
95,CCCC(NC(=O)C(N)Cc1ccc(O)cc1)C(=O)N1CCCC1C(=O)NCC(=O)NC(Cc1ccccc1)C(=O)N1CCCC1C(=O)O,1.0,0.2359437751004016,1.0,0.27209772834076773
96,C=CC1CC1(NC(=O)C1CC(Oc2ccnc3ccccc23)CN1C(=O)C(NC(=O)OC(C)(C)C)C(C)(C)C)C(=O)NCCc1ccc(C(=O)O)cc1,1.0,0.2097750865051903,0.8145494627799805,0.27209772834076773
97,CCCc1nc(SC)c(C(=O)O)n1Cc1ccc(-c2ccccc2S(=O)(=O)NC(=O)NC2CCCCC2)cc1,1.0,0.25664251207729466,0.4342585087174623,0.27209772834076773
98,CC(C)CC(NC(=O)C(N)Cc1ccc(O)cc1)C(=O)NC(C(=O)N(C)c1ccc(C#CC=Cc2ccc([N+](=O)[O-])c(O)c2)cc1)C(C)C,1.0,0.22020725388601034,0.9627874770123381,0.27209772834076773
99,CC(C)C(O)C(=O)N1CC(OCCCc2ccccc2)CC1C(=O)NC(CC(F)F)C(=O)NCCc1c(F)cc(C(=O)O)cc1F,1.0,0.21484375,1.0,0.27209772834076773
100,O=C(Nc1ccc(CC(NC(=O)C2CCC(=O)N2Cc2ccccc2)C(=O)O)cc1)c1cc(F)c(F)cc1F,1.0,0.2662907268170426,1.0,0.27209772834076773
101,N=C(N)c1ccc(CNC(=O)C(CCC2CCNCC2)NC(=O)C(CCCC2CCNCC2)NS(=O)(=O)Cc2ccccc2)cc1,1.0,0.20939086294416243,1.0,0.27209772834076773
102,CC(C)C(NC(=O)CNC(=O)C(N)Cc1ccc(O)cc1)C(=O)NC1CCc2ccccc21,1.0,0.19504748982360925,1.0,0.27209772834076773
103,O=C(Nc1ccc(CC(NC(=O)C2(CCNC(=O)C(F)(F)F)CCCC2)C(=O)O)cc1)c1c(Cl)cccc1Cl,1.0,0.2777777777777778,0.6146576824777088,0.27209772834076773
104,CC(=O)NC(Cc1c[nH]cn1)C(=O)NC(Cc1ccc(O)cc1)C(=O)NC(CCCN=C(N)N)C(=O)NC(Cc1c[nH]c2ccccc12)C(N)=O,1.0,0.18650088809946713,1.0,0.27209772834076773
105,NC(Cc1ccc(C(=O)NCCc2ccc(-c3ccccc3)cc2)cc1)C(=O)N1Cc2ccccc2CC1CNC(CC1CCCCC1)C(=O)NC(Cc1ccccc1)C(=O)O,1.0,0.29195501730103807,0.015354617973724073,0.2767935796022998
106,O=C(COC(=O)CNC(=O)c1ccco1)NCc1ccc(F)cc1,1.0,0.13414634146341464,1.0,0.2767935796022998
107,CC(=O)NC(Cc1ccc(O)cc1)C(=O)NC1CSSCC(C(=O)O)NC(=O)C2(CCCC2)CCNC1=O,1.0,0.1896942242355606,1.0,0.2767935796022998
108,CCCC(NC(=O)OCc1ccccc1)C(=O)NC(CC1CCNC1=O)C(O)S(=O)(=O)O,1.0,0.1924342105263158,1.0,0.2767935796022998
109,CCC(NC(=O)N1CC(=O)NCC(Cc2cc(Cl)ccc2OC)C1=O)c1cncc(C(=O)O)c1,1.0,0.22468354430379744,1.0,0.2767935796022998
110,CCC(NC(=O)C1CC(S(=O)(=O)c2ccc(F)cc2Cl)CN1C(=O)C1(c2ccc(Cl)cc2)CC1)C(=O)C(=O)NC1CC1,1.0,0.20959595959595959,1.0,0.2767935796022998
111,Cc1ccc(S(=O)(=O)N2CCC(C(=O)OCC(=O)NC(C)c3ccc(F)cc3)CC2)cc1C,1.0,0.24964336661911554,1.0,0.2767935796022998
112,O=C(C=Cc1ccc(F)cc1)NC(CO)C(=O)NCC(=O)NC(CO)C(=O)NC1CCCCC1,1.0,0.21664374140302614,1.0,0.2767935796022998
113,CN(C)C(=O)C(=O)N(C)C1CCCn2c1nc(C(=O)NCc1ccc(F)cc1)c(O)c2=O,1.0,0.16221374045801526,1.0,0.2767935796022998
114,CC(C)(C)c1ccc(-c2ccc(S(=O)(=O)N3CCCC3C(=O)NC(C#N)CC(N)=O)cc2)cc1,1.0,0.25235531628532976,1.0,0.2767935796022998
115,CCOC(=O)c1cc(C#N)c(N2CC(C(=O)NS(=O)(=O)Cc3ccc(F)cc3)C2)nc1C,1.0,0.15333333333333332,1.0,0.2767935796022998
116,CS(=O)(=O)NC(C(=O)N1CCCC1C(=O)NCc1csc(C(=N)NN)c1)C(c1ccccc1)c1ccccc1,1.0,0.2926470588235294,1.0,0.2767935796022998
117,O=C(O)COc1c(C(=O)O)sc(-c2cccc(NC3CCN(S(=O)(=O)Cc4ccccc4)CC3)c2)c1Cl,1.0,0.29557463672391016,0.8166844572181431,0.2767935796022998
118,NC(=O)C(=O)C(Cc1ccccc1)NC(=O)C1CCN(C(=O)C=Cc2ccncc2)CC1,1.0,0.27213352685050796,1.0,0.2767935796022998
119,CCC(NC(=O)C(CC(C)C)NC(=O)OCc1ccccc1)C(=O)C(=O)NCc1ccncc1,1.0,0.15842839036755388,1.0,0.2767935796022998
120,CC(=O)N1CCN(C(=O)c2cc(CSc3cnc(NC(=O)c4ccc(N(C)C)cc4)s3)ccc2[N+](=O)[O-])CC1,1.0,0.22937192118226601,1.0,0.2767935796022998
121,Cc1cnc(C(=O)NC(Cc2nc(I)n(Cc3ccccc3)c2I)C(=O)N2CCCC2C(N)=O)cn1,1.0,0.17795637198622274,1.0,0.2767935796022998
122,CC(=O)N1CCN(C(=O)C(Cc2cccc(C(=N)N)c2)NS(=O)(=O)NCCc2cc3c(cc2[N+](=O)[O-])OCO3)CC1,1.0,0.220917225950783,1.0,0.2767935796022998
123,Cc1cc(COc2ccc(S(=O)(=O)NCC(C(=O)NO)N3CCN(C(=O)C(C)C)CC3)cc2)c2ccccc2n1,1.0,0.24453219927095993,1.0,0.2767935796022998
124,CC(C)(C)NC(=O)C1CC2SCCC2CN1CC(O)C(Cc1ccccc1)NC(=O)C(CS(=O)(=O)c1ccc(F)cc1)NS(C)(=O)=O,1.0,0.22237827715355804,1.0,0.2767935796022998
125,CC(C)C(=O)N1CCC(C(=O)NC(C(=O)NC(CCCCN)C(=O)OC(C)(C)C)C(C)c2c[nH]c3ccccc23)CC1,1.0,0.2150677789363921,1.0,0.2767935796022998
126,NCCCCC(NC(=O)C(Cc1c[nH]c2ccccc12)NC(=O)C1CCCN1C(=O)CCCCCNC(=O)C1CCC2c3[nH]c4ccccc4c3CCN2C1)C(N)=O,1.0,0.21830673758865246,1.0,0.2767935796022998
127,O=C(O)C(CCC(=O)N1CCCC1C(=O)O)NC(=O)C1CCCN1C(=O)OCc1ccccc1,1.0,0.24064171122994651,1.0,0.2767935796022998
128,O=C(NCCCN1CCOCC1)C(=O)C(Cc1ccccc1)NC(=O)C1CCN(S(=O)(=O)c2ccc3ccccc3c2)CC1,1.0,0.32286729857819907,1.0,0.2808654591810979
129,CC(C)(C)NC(=O)C1CCCN1C(=O)C(=O)C(Cc1ccccc1)NC(=O)OCc1ccccc1,1.0,0.2275561097256858,1.0,0.2808654591810979
130,CCOC(=O)CCNC(=O)C1CC(NC(=O)c2cc(CC)nn2C)CN1C(=O)c1coc2ccccc12,1.0,0.20294117647058824,1.0,0.2808654591810979
131,CCOC(=O)c1ccc(N2C(=O)CC(N3CCN(C(=O)c4ccco4)CC3)C2=O)cc1,1.0,0.282258064516129,1.0,0.2808654591810979
132,COc1ccc(S(=O)(=O)N(Cc2ccc3c(c2)OCO3)C(CCC(=O)N2CCN(C)CC2)C(=O)NO)cc1,1.0,0.24746906636670418,1.0,0.2808654591810979
133,CC(C(=O)NCCN)N1CCC(NS(=O)(=O)c2ccc3cc(Cl)ccc3c2)C1=O,1.0,0.20622286541244572,1.0,0.2808654591810979
134,CC(C)(C)NC(=O)C1CCCN1CC(O)C1Cc2ccc(cc2)OCCCOc2cc3ccccc3cc2C(=O)NC(CC(N)=O)C(=O)N1,1.0,0.27070063694267515,1.0,0.2808654591810979
135,CC(NC(=O)c1ccco1)C(=O)N1CCCN(CCCOc2ccc(-c3noc(C(C)NC(=O)OC(C)(C)C)n3)c(F)c2)CC1,1.0,0.24529964747356053,0.9846139879748635,0.2808654591810979
136,NC(=O)CC(NC(=O)Cc1cccc2ccccc12)c1ccc(N2CCCCCCC2)c([N+](=O)[O-])c1,1.0,0.30848329048843187,0.7296877288919257,0.2808654591810979
137,NC(=O)COc1ccccc1NC(=O)NC1CCN(Cc2ccc3cc(F)ccc3c2)C1,1.0,0.29334828101644245,1.0,0.2808654591810979
138,CC(=O)N1CCCC(COc2ccc(-c3nc4cc(C(N)=O)ccc4[nH]3)cc2)C1,1.0,0.2621283255086072,1.0,0.2808654591810979
139,O=C1C(=O)N(Cc2ccc(OCCF)cc2)c2ccc(S(=O)(=O)N3CCC3COc3cccnc3)cc21,1.0,0.2582382762991128,1.0,0.2808654591810979
140,O=C(O)CCCCN1C(=O)C(c2ccc(Cl)cc2)N(C(C(=O)O)c2ccc(Cl)cc2)C(=O)c2cc(I)ccc21,1.0,0.28165236051502146,0.08719401332097514,0.2808654591810979
141,CCOc1ccc(N(C)S(=O)(=O)c2ccc3ncc(C(=O)NCC4CCCO4)c(O)c3c2)cc1,1.0,0.25165562913907286,1.0,0.2808654591810979
142,CCOc1ccccc1NC(=O)C(NS(=O)(=O)c1ccc2c(c1)CCC(=O)N2)c1ccccc1,1.0,0.2037377450980392,1.0,0.2808654591810979
143,CC1(CS(=O)(=O)N2CCC(Oc3ccc(OCc4cccc(F)c4)cc3)CC2)NC(=O)NC1=O,1.0,0.27478448275862066,1.0,0.2808654591810979
144,CCn1cc(C(=O)O)c(=O)c2cc(F)c(NC(=O)C3CCC(COc4ccccc4)CC3)c(F)c21,1.0,0.2549668874172185,0.7134838729883105,0.2808654591810979
145,CN(C(=O)c1ccc2c(c1)nc(NC(=O)c1cccnc1)n2CCC(N)=O)C1CCCCC1,1.0,0.23550724637681159,1.0,0.2808654591810979
146,O=C(CN(c1nc(Cl)nc2c1ncn2C1CCCCO1)C1CC1)NC(CCC(=O)OCc1ccccc1)C(=O)OCc1ccccc1,1.0,0.21673387096774194,0.667336955478398,0.2808654591810979
147,CC(C)CCn1c(=O)c(C2=NS(=O)(=O)c3cc(OCC(N)=O)ccc3N2)c(O)c2cccnc21,1.0,0.1680672268907563,1.0,0.2808654591810979
148,COc1ccc(NC(=O)CN2CCC(NC(=O)c3ccco3)CC2)c([N+](=O)[O-])c1,1.0,0.28481012658227844,1.0,0.2808654591810979
149,COc1ccc2cc(S(=O)(=O)NN(Cc3cccc(C(=N)NO)c3)C(=O)N3CCCCC3C)ccc2c1,1.0,0.2879975874547648,1.0,0.2808654591810979
150,CC1CCCCN1C(=O)C(CCCN=C(N)N)NS(=O)(=O)c1cccc2c(N(C)C)cccc12,1.0,0.2774234693877551,1.0,0.2808654591810979
151,COc1ccc(CCNC(=O)C(=O)C(CCCN=C(N)N)NC(=O)C2CCN3CCC(N)(Cc4ccccc4)CN23)cc1,1.0,0.2717391304347826,1.0,0.2808654591810979
152,CCC(=O)N1CCc2cc(S(=O)(=O)CCC(=O)N(C)c3ccc(OC)cc3)ccc21,0.8347687822185031,0.23460410557184752,1.0,0.2808654591810979
153,COc1ccc(CNC(=O)C(c2ccco2)N(C(=O)c2snc(C(N)=O)c2N)c2cccc(OC)c2)cc1,1.0,0.1618421052631579,1.0,0.2808654591810979
154,COc1ccc(CCNC(=O)C2CCN(C(=O)c3ccc([N+](=O)[O-])cc3)CC2)cc1,1.0,0.3075079872204473,1.0,0.2808654591810979
155,CCC(C)C(NC(=O)c1cccc(Cn2ccnc2)c1)C(=O)NNS(=O)(=O)c1ccc(OC)cc1,1.0,0.1684177997527812,1.0,0.2808654591810979
156,COc1ccc(C(=O)C=CC(=O)N2CCN(c3ccc(N4CC(CNC(C)=O)OC4=O)cc3F)CC2)cc1,1.0,0.2720976253298153,1.0,0.2808654591810979
157,CCOC(=O)N1CCN(C(=O)c2ccc3c(=O)n(CCc4ccc(OC)c(OC)c4)c(=O)[nH]c3c2)CC1,1.0,0.2060099132589839,1.0,0.2808654591810979
158,COc1cc(N2CCN(C)CC2)ccc1Nc1nc(N)n(C(=O)NCc2ccc(S(C)(=O)=O)cc2)n1,1.0,0.1609375,1.0,0.2808654591810979
159,CN(C)C(=O)c1c(CNC(=O)c2ccc(N3CCC(CCO)CC3)nc2)c(=O)c2ccc(Cl)cc2n1-c1ccccc1,1.0,0.2486263736263736,0.9642843634871459,0.2808654591810979
160,Cc1ccc2c(c1)c(-c1ccc[nH]c1=O)c(C(=O)NS(=O)(=O)C1CC1)n2Cc1cc(C(N)=O)ccc1F,1.0,0.17133956386292834,1.0,0.2808654591810979
161,O=C(CN1CCC(NC(=O)Oc2ccccc2)CC1)NC1CCc2cc(F)ccc2C1Cc1cccnc1,0.8127205138008099,0.3646540027137042,0.9736722801267739,0.3220913382985784
162,CCOC(=O)C(Cc1ccccc1)NC(=O)c1cnc(Oc2ccc3c(c2)CCC(c2cccnc2)O3)s1,1.0,0.2203125,0.429054896230265,0.3220913382985784
163,COc1cccc(CNC(=O)C2CCCN2C(=O)C2CCCN2C(=O)c2ccc(Cl)cc2)c1,0.5430724730991615,0.31603107344632764,1.0,0.3220913382985784
164,CS(=O)(=O)c1ccc2c(c1)N(CCCN1CCC(C(N)=O)CC1)c1ccccc1S2,0.8205171227435214,0.3950471698113207,1.0,0.35733142955091013
165,COc1ccc(C(=O)C2CCN(CCCCNC(=O)c3ccc(NC(=O)c4ccc(Cl)cc4)cc3)CC2)c(OC)c1,1.0,0.38623595505617975,0.23002122769309216,0.36065156968258183
166,Cc1ccc(S(=O)(=O)N2CCCC2CNC(=O)C(=O)NCc2ccccn2)cc1,1.0,0.22201492537313433,1.0,0.36065156968258183
167,CN1CCN(C(=O)NC(Cc2cccnc2)C(=O)NC(C=CS(=O)(=O)c2ccccc2)CCc2ccccc2)CC1,1.0,0.2953767123287671,1.0,0.36065156968258183
168,Cn1ccnc1SC1=C(C(=O)O)N2C(=O)C(NC(=O)C(N)c3ccccc3)C2CC1,1.0,0.1802884615384615,1.0,0.36065156968258183
169,CCOC(=O)C1CCC(=O)N1CC(=O)NCCN1CCN(c2ccccc2OC(C)C)CC1,1.0,0.22277227722772275,1.0,0.36065156968258183
170,CCC(CO)NCc1cccnc1N1CCN(C(=O)C(Cc2ccc(Cl)cc2Cl)NC(=O)CCN)CC1,1.0,0.2716010165184244,1.0,0.36065156968258183
171,CCC(O)(CC)c1ccccc1N1CCN(C(=O)C(Cc2ccc(Cl)cc2Cl)NC(=O)N2CCCC2=O)CC1,1.0,0.28811524609843936,0.8388149097642353,0.36065156968258183
172,COc1ccc(N2CCN(C(=O)COC(=O)c3cc(S(=O)(=O)N(C)C)ccc3N3CCCC3)CC2)cc1,1.0,0.2592239185750636,1.0,0.36065156968258183
173,CC(=O)Nc1ccc(CC(NC(=O)N2CCC(n3c(=O)[nH]c4ccccc43)CC2)C(=O)N2CCC(N3CCCCC3)CC2)cc1,1.0,0.3068438914027149,1.0,0.36065156968258183
174,CC(C)COC(=O)N1CCC(n2ncc3cc(-c4ccc(S(C)(=O)=O)cc4)ncc32)CC1,1.0,0.29044117647058826,1.0,0.36065156968258183
175,C#CC1CN(C(=O)C(CC(C)C)NC(=O)c2ccc(-c3csc(N4CCN(C)CC4)n3)cc2)C2C(=O)COC12,1.0,0.24067388688327318,1.0,0.36065156968258183
176,CC(=O)N1CCC(C(=O)N2CCC(N3CCN(C(=O)c4cc(-c5ccccc5)nc(-c5ccc(C(N)=O)cc5)c4)CC3)CC2)CC1,1.0,0.32559456398640996,1.0,0.3607472411546793
177,CC(C)(C)OC(=O)NCCNC(=O)CN1CN(c2ccccc2)C2(CCN(C(=O)c3ccc(C4CCCCC4)cc3)CC2)C1=O,1.0,0.3200692041522491,0.8062472312391766,0.3607472411546793
178,CC(=O)N1c2ccc(S(=O)(=O)NCC3CCC(C(=O)NCc4ccc(C)o4)CC3)cc2CC1C,1.0,0.23308011049723756,1.0,0.3607472411546793
179,CC(C)(C)C(=O)CN1C(=O)N(CC(=O)Nc2cccc(C(=O)O)c2)N=C(C2CCCCCC2)c2ccccc21,1.0,0.31755196304849886,0.29839907217215567,0.3607472411546793
180,CC(C(=O)NCc1ccc(C(F)(F)F)nc1N1CCC(NC(=O)OC(C)(C)C)C1)c1ccc(NS(C)(=O)=O)c(F)c1,1.0,0.20011273957158962,0.9910222974061202,0.3607472411546793
181,CCOC(=O)c1ccc(NC(=O)C2CCC(CNc3c(N4CCOCC4)c(=O)c3=O)CC2)cc1,1.0,0.22506925207756234,1.0,0.3607472411546793
182,O=C(NCC(c1cccs1)N1CCOCC1)c1ccccc1NS(=O)(=O)c1ccc(Cl)c([N+](=O)[O-])c1,1.0,0.2540523690773067,1.0,0.3607472411546793
183,O=C(NC1CCCc2cc(CN3CCCCC3)ccc21)C(O)C(O)CS(=O)(=O)c1cccc(Cl)c1,1.0,0.2963215258855586,1.0,0.3607472411546793
184,CCOC(=O)NC1CCc2ccc(OCCNS(=O)(=O)CC3CC3)cc2C1Cc1cccc(Cl)c1,1.0,0.26668848167539266,0.9095670335514805,0.3607472411546793
185,CC(C)NS(=O)(=O)c1ccc(NC2CCN(CC(O)=Nc3ccccc3)CC2)c([N+](=O)O)c1,1.0,0.3029197080291971,1.0,0.3607472411546793
186,CCOc1cccc(-c2ccc(C3CCN(S(=O)(=O)C(C)(C)C(=O)NO)CC3)cc2C)c1,1.0,0.2992700729927007,1.0,0.3607472411546793
187,COC1CCN(S(=O)(=O)c2ccc(CNC(=O)c3cnc4[nH]ncc4c3)cc2)CC1,1.0,0.1925872093023256,1.0,0.3607472411546793
188,COCCN1CCN(C(=O)C2CCN(c3ccc(S(=O)(=O)C4(C(=O)NO)CCOCC4)cc3)CC2)CC1,1.0,0.2620442708333333,1.0,0.3607472411546793
189,COc1ccc(N2CCN(S(=O)(=O)CCNC(=O)COc3cccc(OC)c3)CC2)cc1,1.0,0.2589418777943368,1.0,0.3607472411546793
190,Cc1ccc(C)c(N2CCN(CCCNC(=O)c3cnn(-c4ccccc4)c3C3CCN(C(=O)OC(C)(C)C)CC3)CC2)c1,0.7794100434735365,0.3373493975903614,0.30280807990758324,0.3607472411546793
191,N=C(N)N1CCCC(CNC(=O)CNS(=O)(=O)c2ccc3ccccc3c2)C1,1.0,0.23559190031152646,1.0,0.3607472411546793
192,O=C(O)CCC(=NNc1ccc(S(=O)(=O)N2CCOCC2)cc1[N+](=O)[O-])c1cccs1,1.0,0.20183175033921302,1.0,0.3607472411546793
193,CSCCC(NC(=O)c1cccc(S(=O)(=O)N2CCN(C(C)=O)CC2)c1)c1nc2ccccc2[nH]1,1.0,0.22040302267002518,1.0,0.3607472411546793
194,COc1ccccc1CNC(=O)CN1C(=O)COc2ccc(S(=O)(=O)N3CCCCC3)cc21,1.0,0.22996057818659657,1.0,0.3607472411546793
195,COc1ccc(CC(=O)Oc2ccc(C(C)C)cc2)cc1S(=O)(=O)N1CCOCC1,0.7342556602841444,0.25919117647058826,1.0,0.3607472411546793
196,CC(C)C(NS(=O)(=O)c1cnccc1NC(CO)Cc1ccccc1)C(=O)N1CCC(CCF)CC1,1.0,0.2631578947368421,1.0,0.3607472411546793
197,C=C(C)C(=O)N1CCC(CN(C2Cc3cc(C#N)ccc3N(Cc3cncn3C)C2)S(=O)(=O)c2ccccn2)CC1,1.0,0.2761627906976744,1.0,0.3607472411546793
198,Cc1cc(C#N)ccc1C1=CCN(S(=O)(=O)CC2(C(=O)NO)CCN(C(=O)OCC3CCCN3)CC2)CC1,1.0,0.231990231990232,1.0,0.3607472411546793
199,CC1CCN(C(=O)C(CCn2ccnc2)NS(=O)(=O)c2cc(Cl)c(N)c(Cl)c2)CC1,1.0,0.19719251336898394,1.0,0.3607472411546793
